标题,类型,面积,地址,区县,fangyuan1,fangyuan2,fangyuan3,fangyuan4,价格,总价
建投・誉河院,三居 ,97~135平米,[红桥]  红桥区子牙河北路北侧,[红桥],普通住宅,洋房,品牌地产,地铁沿线,28000,275万元/套起(总价)
创意之城・m园,二居/ 三居 ,80~143平米,[河西]  国盛道与长湖路交口,[河西],普通住宅,洋房,品牌地产,景观居所,35000,280万元/套起(总价)
金地墅家・风华印,二居/ 三居 ,89~143平米,[西青]  工一号路与津涞公路交口北侧,[西青],普通住宅,叠拼,品牌地产,花园洋房,18000,140万元/套起(总价)
中海・峰境南开,三居/ 四居 ,105~175平米,[南开] 南开区南丰路139号,,普通住宅,洋房,品牌地产,央企开发,60000,630万元/套起(总价)
中海凌云源境,三居 ,87~129平米,[河西]  梅林路与规划郁江道交口,[河西],普通住宅,洋房,地铁沿线,品牌地产,39000,339万元/套起(总价)
金地・风华919,三居 ,100~170平米,[西青]  中北大道与星光路交口以南600米,[西青],叠拼,洋房,花园洋房,特色别墅,22000,230万元/套起(总价)
中交海河玺,三居 ,106~173平米,[东丽]  东丽区海河东路与月牙河东路交口东北侧,[东丽],普通住宅,商业,品牌地产,花园洋房,26000,276万元/套起(总价)
信达金地中山印,三居/ 四居 ,93~143平米,[河北]  山北路与养鱼池路交口,[河北],普通住宅,品牌地产,地铁沿线,景观居所,28000,260万元/套起(总价)
中海学府源境,三居 ,85~126平米,[河西]  河西区梅林路与浯水道交口,[河西],普通住宅,洋房,品牌地产,地铁沿线,42000,357万元/套起(总价)
旭辉铂悦公望,三居 ,110~170平米,[南开]  六马路与天宝路交口(南开中学西侧),[南开],普通住宅,品牌地产,国际化社区,豪华居住区,63000,650万元/套起(总价)
中建・理想城,二居/ 三居 ,82~130平米,[津南]  景盛路与渌水道交口(地铁一号线双林站...,[津南],普通住宅,洋房,品牌地产,地铁沿线,19500,160万元/套起(总价)
保利・西棠和煦,三居 ,89~130平米,[津南]  海河教育园区宁慧璐和同德路交口(南开...,[津南],洋房,品牌地产,低密居所,小户型,20000,187万元/套起(总价)
中建悦庐・棠墅,二居/ 三居 ,89~167平米,[津南]  同德路与敬慧路交口,[津南],普通住宅,叠拼,低密居所,洋房,21000,160万元/套起(总价)
招商・江山玺,三居/ 四居 ,143~189平米,[南开]  保泽道与简阳路交口,[南开],普通住宅,现房,央企开发,装修交付,40000,572万元/套起(总价)
绿地・津澜,三居/ 四居 ,89~160平米,[津南]  辛庄吉泰道与洪泥河西路交口,[津南],普通住宅,洋房,品牌地产,低密居所,15000,120万元/套起(总价)
保利锦上,二居/ 三居 ,85~144平米,[武清]  振华西道与建设路交口西侧,[武清],普通住宅,品牌地产,景观居所,,22000,179万元/套起(总价)
绿城・晓月晴川,三居 ,98~143平米,[西青]  津涞公路与秀川路交口南侧,[西青],普通住宅,品牌地产,低密居所,景观居所,19950,180万元/套起(总价)
中海时光之镜,三居/ 四居 ,106~237平米,[河西]  河西区渌水道与内江路交口,[河西],普通住宅,品牌地产,低密居所,豪华居住区,45000,477万元/套起(总价)
中海镜映南开,三居 ,103~125平米,[南开]  南开区玉泉路与岳湖道交口,[南开],普通住宅,洋房,改善优选,洋房,58000,597万元/套起(总价)
中海长林郡,三居/ 四居 ,80~129平米,[津南]  海教园雅言路与秀慧路交口,[津南],洋房,品牌地产,低密居所,低总价,20000,160万元/套起(总价)
绿城・水西庐,二居/ 三居/ 四居 ,160~310平米,[西青]  水西公园畔,[西青],普通住宅,洋房,品牌地产,低密居所,37000,610万元/套起(总价)
体北金茂府,三居/ 四居 ,128~236平米,[河西]  卫津南路与体院北道交口,[河西],普通住宅,洋房,品牌地产,低密居所,54000,691万元/套起(总价)
金融街・融府,二居/ 三居 ,89~135平米,[南开]  南开区迎水道100号,[南开],普通住宅,洋房,品牌地产,低密居所,38000,360万元/套起(总价)
金地水西印,二居/ 三居 ,115~178平米,"[西青]  天津市西青区复康路与碧欣路交口北侧,...",[西青],普通住宅,叠拼,品牌地产,低密居所,357,
金地万悦城,二居/ 三居 ,71~128平米,[东丽]  地铁6号线大毕庄地铁站c口东行300...,[东丽],普通住宅,品牌地产,地铁沿线,低总价,14500,110万元/套起(总价)
绿城・桂月翠,三居/ 四居 ,79~143平米,[滨海新区]  中环东路与东二道交口,[滨海新区],洋房,低密居所,品牌地产,花园洋房,21000,166万元/套起(总价)
上东金茂晓棠,三居 ,94~135平米,[东丽]  雪山路与方山道交口西南侧,[东丽],普通住宅,洋房,品牌地产,地铁沿线,23000,216万元/套起(总价)
中海国际公园城,二居/ 三居/ 四居 ,89~185平米,[津南]  天嘉湖大道西侧,[津南],欧式,特色别墅,品牌地产,低密居所,7000,60万元/套起(总价)
天津桂语映月,二居/ 三居 ,85~130平米,[西青]  密云路与西青道交口,[西青],普通住宅,品牌地产,低密居所,低总价,21000,179万元/套起(总价)
未来城,二居/ 三居 ,80~142平米,[北辰]  宜白路地铁三号线(宜兴埠站)北侧,[北辰],普通住宅,品牌地产,地铁沿线,,20000,152万元/套起(总价)
建投・誉山院,三居/ 四居 ,88~300平米,[南开]  黄河道与文水路交口,[南开],洋房,地铁沿线,花园洋房,教育地产,57000,502万元/套起(总价)
宜禾春江府,三居/ 四居 ,116~136平米,[滨海新区] 中新生态城海逸道与日盛路交口,,叠拼,洋房,低密居所,改善优选,18800,218万元/套起(总价)
金地・时光印,二居/ 三居 ,80~110平米,[西青]  西青区张家窝镇晨溪路与丰泽道交汇西南...,[西青],普通住宅,洋房,品牌地产,低密居所,17500,140万元/套起(总价)
金地时代印,三居 ,89~130平米,[西青]  梨双路与亲厚道交汇处,[西青],普通住宅,品牌地产,景观居所,复合地产,11000,98万元/套起(总价)
宜禾半岛观邸,三居/ 四居/ 五居 ,124~247平米,"[滨海新区]  中新天津生态城动漫南路以东,文一路以...",[滨海新区],洋房,大平层,低密居所,花园洋房,23000,285万元/套起(总价)
金地山川印,二居/ 三居 ,143~210平米,[津南]  津南区景蓉道与领世路交口东南侧,[津南],叠拼,洋房,地铁沿线,低密居所,370,
和平翰林公馆,一居/ 二居/ 四居 ,42平米,[和平]  滨江道与南京路交口,[和平],住宅型公寓,现房,复合地产,地铁沿线,100000,420万元/套起(总价)
万科翡翠大道,二居/ 三居 ,78~118平米,[西青]  宾水西道延长线南(地铁三号线杨伍庄站...,[西青],普通住宅,洋房,品牌地产,国际化社区,17500,137万元/套起(总价)
天津瑞府,三居/ 四居 ,104~169平米,[河西]  洞庭路与太湖路交口,[河西],普通住宅,品牌地产,国际化社区,地铁沿线,38000,380万元/套起(总价)
中海左岸源境,二居/ 三居 ,82~125平米,[河西]  枫林路与泗水道交口,[河西],普通住宅,洋房,品牌地产,地铁沿线,39000,320万元/套起(总价)
招商揽阅,三居 ,108~143平米,[武清]  武清区雍和道,[武清],普通住宅,品牌地产,低密居所,花园洋房,17000,149万元/套起(总价)
金地・A里,三居 ,114~128平米,[西青]  津涞公路与秀川路交口南侧,[西青],叠拼,洋房,品牌地产,地铁沿线,18600,175万元/套起(总价)
金地阅千o,三居/ 四居 ,171~180平米,[南开]  卫津路与双峰道交口西南侧,[南开],普通住宅,洋房,品牌地产,豪华居住区,68000,1163万元/套起(总价)
中储城邦,二居/ 三居/ 四居 ,83~183平米,[北辰]  天允道以北、南仓道以南、新峰路以西、...,[北辰],普通住宅,洋房,品牌地产,小户型,13000,110万元/套起(总价)
经纬城市绿洲武清二期,二居/ 三居 ,85~125平米,[武清]  新开路东侧与雍和道交口(杨村一中新址...,[武清],普通住宅,小户型,,,10000,84万元/套起(总价)
绿城・桂语朝阳,二居/ 三居 ,76~115平米,[西青]  津港公路与储厚道交口东南侧,[西青],普通住宅,品牌地产,低总价,现房,14000,120万元/套起(总价)
金融街・滨海融御,二居/ 三居 ,92~125平米,[滨海新区]  新金融大道(滨海站东约100米),[滨海新区],普通住宅,品牌地产,国际化社区,地铁沿线,20000,168万元/套起(总价)
中海城市广场钻石湾,三居/ 四居/ 五居 ,310平米,[河东]  海河东路与十一经路交口(利顺德码头对...,[河东],普通住宅,商业,品牌地产,地铁沿线,1300,
金融街听湖小镇,二居/ 三居/ 四居/ 五居 ,82~236平米,[东丽]  东丽湖路与智景东道交口西行600米,[东丽],联排,普通住宅,低密居所,花园洋房,12500,90万元/套起(总价)
建投・新光之城,二居/ 三居/ 四居 ,79~160平米,[武清]  高村镇政府北侧约50m(京津高速牛镇...,[武清],英式,品牌地产,低总价,低密居所,5500,43万元/套起(总价)
红桥・九和府,,,[红桥]  双环路与佳宁道交口西北侧,[红桥],普通住宅,洋房,品牌地产,地铁沿线,19600,23300万元/套(总价)
天津富力新城,二居/ 三居/ 四居/ 五居以上 ,76~180平米,[静海]  团泊湖东区仁爱西道与泽水北路交口,[静海],联排,普通住宅,品牌地产,低总价,5500,180万元/套起(总价)
宜禾锦棠,三居/ 四居 ,108~149平米,[滨海新区]  和畅路与中津大道交口,[滨海新区],普通住宅,品牌地产,配套商品房,宜居生态地产,17000,184万元/套起(总价)
曲江城发・贞观序,三居/ 四居 ,99~140平米,[北辰]  北辰区永清东路与光谷道交口东南侧,[北辰],普通住宅,洋房,品牌地产,低密居所,11900,118万元/套起(总价)
宜禾溪岸,二居/ 三居/ 四居 ,100~140平米,[滨海新区]  生态城中新大道与华一路交口,[滨海新区],普通住宅,洋房,品牌地产,豪华居住区,18600,175万元/套起(总价)
格调松间,三居/ 四居 ,112~271平米,[西青]  迎水道延长线格调松间接待中心,[西青],普通住宅,现房,地铁沿线,,25000,225万元/套起(总价)
中建海河陆院,三居/ 四居/ 五居 ,96~148平米,[津南]  国展大道与国达环路交口,[津南],叠拼,洋房,品牌地产,地铁沿线,22000,202万元/套起(总价)
格调平园,二居/ 三居 ,126~140平米,[西青]  友谊南路梅江会展中心西侧,[西青],普通住宅,叠拼,品牌地产,低密居所,33000,333万元/套起(总价)
雍鑫雍祥园,一居/ 二居/ 三居 ,81~122平米,[河东]  万东路60号,[河东],普通住宅,商业,品牌地产,地铁沿线,26000,211万元/套起(总价)
金地悦城大境,三居 ,100~140平米,[滨海新区]  空港经济区中央大道与东七路交口东行5...,[滨海新区],普通住宅,品牌地产,现房,花园洋房,20000,200万元/套起(总价)
中交海河公馆,二居/ 三居 ,74~122平米,[南开]  东马路与北马路交口西南角,[南开],住宅型公寓,商业,品牌地产,现房,48000,310万元/套起(总价)
中建展望,三居 ,89~136平米,[津南]  文沽道与国欣路交口,[津南],普通住宅,品牌地产,低密居所,花园洋房,24000,189万元/套起(总价)
南开1911,三居 ,124~149平米,[南开]  黄河道与红日路交口,[南开],普通住宅,洋房,品牌地产,地铁沿线,45000,455万元/套起(总价)
雍祥府,二居/ 三居 ,92~145平米,[北辰]  朝阳路与天重道交口,[北辰],普通住宅,洋房,品牌地产,宜居生态地产,15000,160万元/套起(总价)
三源英华郡Ⅱ期,二居/ 五居/ 五居以上 ,92~309平米,[东丽]  东丽湖旅游度假区内东丽大道与景涟路交...,[东丽],联排,普通住宅,经济住宅,低总价,8500,89万元/套起(总价)
迎顺府,二居/ 三居 ,93~128平米,[南开]  迎水道与苑中路交口,[南开],普通住宅,标准写字楼,地铁沿线,小户型,33000,
联发锦里,三居/ 四居 ,95~130平米,"[西青]  宾水西道,大学城地铁站东约300米",[西青],普通住宅,洋房,品牌地产,地铁沿线,22400,260万元/套起(总价)
和泓・葛沽湾・首府,二居/ 三居 ,70~140平米,[津南]  葛沽福滨路与津沽公路交口处,[津南],普通住宅,洋房,品牌地产,低密居所,12500,88万元/套起(总价)
上东金茂智慧科学城三期,三居 ,89~115平米,"[东丽]  北至悦山道,南至方山道,西至天山南路...",[东丽],普通住宅,品牌地产,地铁沿线,低密居所,23500,209万元/套起(总价)
京能雍清丽苑一期,二居/ 三居/ 四居 ,82~147平米,"[武清]  东至新安路,西至新开路,南至光明道,...",[武清],普通住宅,洋房,品牌地产,低密居所,18000,117万元/套起(总价)
天地源熙湖畔,三居 ,103~132平米,[武清]  郎庄子道与天湖路交口,[武清],普通住宅,洋房,品牌地产,低密居所,13000,130万元/套起(总价)
万科麒麟小镇,三居 ,90~115平米,[宁河]  未来科技城七里海大道与海航东路交口以...,[宁河],普通住宅,商住别墅,品牌地产,低总价,8500,77万元/套起(总价)
当代公园阅ΜΟΜΛ,二居/ 三居 ,86~97平米,[宁河]  未来科技城现代产业区海航东路,[宁河],联排,普通住宅,低总价,小户型,7500,73万元/套起(总价)
天山悦城商业街,,,[津南]  米立方对面(津歧公路与盛塘路交叉口东...,[津南],住宅底商,商业,品牌地产,低总价,10000,
龙曜城,三居 ,89~176平米,[北辰]  中至外环・京津路与普济河道交会东行3...,[北辰],普通住宅,洋房,品牌地产,低密居所,17000,131万元/套起(总价)
格调隐翠轩,三居 ,94~143平米,[南开]  南开区黄河道与咸阳路交口西南侧,[南开],普通住宅,洋房,品牌地产,地铁沿线,38500,48000万元/套(总价)
信达格调・美古花园,二居/ 三居/ 四居 ,75~175平米,[和平]  a地块位于天津和平区唐山道与建设路交...,[和平],普通住宅,洋房,品牌地产,地铁沿线,76000,765万元/套(总价)
津铁格调罗宁花园,三居/ 四居 ,89~127平米,[河东]  河东区井冈山路与王串场一号路交口东南...,[河东],普通住宅,洋房,品牌地产,地铁沿线,29000,265万元/套起(总价)
格调观麟花园,三居 ,100~165平米,[南开]  南开区红旗路与中南道交口,[南开],普通住宅,商业,品牌地产,地铁沿线,42000,405万元/套起(总价)
中车・中环学府,二居/ 三居/ 四居 ,75~125平米,[河北]  南口路与南口东路交口,[河北],普通住宅,地铁沿线,,,26000,180万元/套起(总价)
城投东方紫宸,三居/ 四居 ,89~165平米,[河东] 成林道146号,,普通住宅,地铁沿线,,,29000,258万元/套起(总价)
城投・格调观槿花园,三居 ,110~143平米,[红桥]  红桥区红旗路与芥园道交口东北侧,[红桥],洋房,低密居所,花园洋房,景观居所,37000,400万元/套起(总价)
联发城投梅江和悦,三居 ,98~143平米,[河西]  河西区春海路与延水道交口东南侧,[河西],普通住宅,洋房,品牌地产,低密居所,34500,338万元/套起(总价)
万科东庐,三居 ,89~137平米,[滨海新区]  第五大街与东海路交口东南侧,[滨海新区],普通住宅,洋房,品牌地产,地铁沿线,15000,130万元/套起(总价)
津投城开・美域东霖,二居/ 三居/ 四居 ,80~130平米,[东丽]  沙柳北路崂山道地铁站旁,[东丽],普通住宅,洋房,地铁沿线,洋房,18000,144万元/套起(总价)
泰达格调・锦,三居 ,110~143平米,[河东]  河东区龙涵道与钢厂路交口西南侧,[河东],普通住宅,品牌地产,地铁沿线,低密居所,37000,465万元/套起(总价)
时代之城,二居/ 三居 ,84~139平米,[东丽]  金钟河大街与外环东路交口西南侧,[东丽],普通住宅,洋房,品牌地产,低密居所,18000,
格调初晴・墅,三居/ 四居 ,129~400平米,[西青]  江湾路与兰波路交口・梅江公园旁,[西青],联排,普通住宅,品牌地产,低密居所,850,
农垦含章棠华,三居/ 四居 ,89~145平米,[武清]  武清区下朱庄街京津公路与知行道交口,[武清],普通住宅,洋房,品牌地产,低密居所,12000,107万元/套起(总价)
中国铁建・花语天宸,二居/ 三居 ,108~162平米,[津南]  津南区海棠街海教园南开大学旁,[津南],洋房,品牌地产,花园洋房,景观居所,20000,174万元/套起(总价)
中交春风景里,二居/ 三居 ,77~126平米,[红桥]  龙泉道与辰兴路交口西南侧,[红桥],普通住宅,品牌地产,国际化社区,地铁沿线,19500,155万元/套起(总价)
农垦含章岚樾,三居 ,91~126平米,[滨海新区]  滨海高新区海慈路与珍祥道交口,[滨海新区],普通住宅,洋房,花园洋房,品牌地产,13500,
绿城・桂语听m,二居/ 三居 ,76~143平米,[滨海新区]  空港经济区环河东路与东八道交口处,[滨海新区],普通住宅,品牌地产,国际化社区,地铁沿线,21000,160万元/套起(总价)
中国铁建・滨海云帆,二居/ 三居 ,78~124平米,[滨海新区]  塘沽老城(津塘公路唐望府东侧),[滨海新区],洋房,品牌地产,地铁沿线,低总价,13000,115万元/套起(总价)
天保意境芳华,三居 ,95~125平米,[滨海新区]  空港经济区东八道与兴宇路交口,[滨海新区],普通住宅,叠拼,品牌地产,地铁沿线,22000,190万元/套起(总价)
创意之城・锦园,三居 ,89~128平米,[河西]  柳林街道城投蓝城天津锦园,[河西],普通住宅,品牌地产,地铁沿线,配套商品房,32000,285万元/套起(总价)
格调馥颂花园,三居 ,104~143平米,[河西]  解放南路与浩江道交口东南侧,[河西],普通住宅,洋房,低密居所,地铁沿线,43000,440万元/套(总价)
想云湾,三居 ,109~131平米,[滨海新区]  空港经济区经一路与纬二道交口,[滨海新区],叠拼,洋房,低总价,小户型,19000,200万元/套起(总价)
博屿海,二居/ 三居 ,77~108平米,[滨海新区]  生态城北区中新大道与中海大道交汇,[滨海新区],普通住宅,品牌地产,低密居所,低总价,9400,66万元/套起(总价)
格调榴园,二居/ 三居/ 四居 ,90~170平米,[河东]  津塘路与雪莲南路交口东南侧,[河东],普通住宅,洋房,品牌地产,地铁沿线,27000,243万元/套起(总价)
首创禧瑞府,四居 ,157~168平米,[红桥]  西青道与团结路交口东北侧,[红桥],普通住宅,叠拼,品牌地产,地铁沿线,25000,393万元/套起(总价)
绿城\玉m,三居/ 四居 ,106~200平米,[北辰]  北辰区文庆道与新峰路交口西北侧,[北辰],普通住宅,洋房,装修交付,洋房,23000,244万元/套起(总价)
路劲太阳城,二居/ 三居 ,99~127平米,[河东]  凤山道与天山北路交口,[河东],普通住宅,商业,品牌地产,地铁沿线,23500,
津投城开・御河桃源,一居/ 二居/ 三居 ,51~149平米,[河北]  天泰路与勤俭道交口(育英里小学旁),[河北],普通住宅,洋房,品牌地产,地铁沿线,24000,148万元/套起(总价)
贻成・学府尊邸,二居/ 三居/ 四居 ,94~179平米,[滨海新区]  中新天津生态城中新大道与华二路交口,[滨海新区],普通住宅,品牌地产,低密居所,花园洋房,21500,252万元/套起(总价)
鹏飞・南开学苑,二居/ 三居 ,78~126平米,"[南开]  黄河道和冶金路交口,东至冶金路、南至...",[南开],普通住宅,洋房,品牌地产,地铁沿线,42000,350万元/套起(总价)
津铁镜界,二居/ 三居/ 四居 ,80~243平米,[静海]  区洪泽湖路与鄱阳湖路交口东侧200米,[静海],普通住宅,叠拼,低密居所,花园洋房,13000,104万元/套起(总价)
中交雅郡城东春晓,二居/ 三居/ 四居 ,75~126平米,[东丽]  地铁6号线金钟街地铁站旁,[东丽],普通住宅,洋房,品牌地产,地铁沿线,15000,143万元/套起(总价)
城投万欣城,二居/ 三居 ,84~143平米,[河东]  津滨大道93号(万东路b口),[河东],普通住宅,品牌地产,地铁沿线,低密居所,32500,354万元/套起(总价)
贻成・华府,二居/ 三居/ 四居 ,89~140平米,[滨海新区]  塘沽新胡路8号(原新河船厂)贻成华府...,[滨海新区],洋房,大平层,不限购,地铁沿线,17500,156万元/套起(总价)
新城玺樾春秋,三居/ 四居 ,103~201平米,[武清]  光明道与翠通路交口,[武清],洋房,大平层,品牌地产,低密居所,24000,290万元/套起(总价)
天保・天成燕居,三居 ,99~155平米,[滨海新区]  洞庭路4572号,[滨海新区],普通住宅,品牌地产,地铁沿线,低密居所,23000,220万元/套起(总价)
中国铁建花语尚东,二居/ 三居 ,74~142平米,[东丽]  地铁6号线大毕庄站c出口旁,[东丽],普通住宅,洋房,品牌地产,地铁沿线,90,
绿城・凤起悦鸣,三居/ 四居 ,150~215平米,[南开]  南开大悦城西侧(南开二马路与服装街交...,[南开],大平层,品牌地产,国际化社区,地铁沿线,65000,975万元/套起(总价)
西青城投格调松萝花园,三居 ,114~165平米,[西青]  西青区中北永旺购物中心1f梦之源中庭,[西青],普通住宅,洋房,品牌地产,低密居所,26000,270万元/套起(总价)
格调瑰丽花园,三居/ 四居 ,150~240平米,"[滨海新区]  开发区北海西路以东,第二大街以北",[滨海新区],普通住宅,品牌地产,地铁沿线,豪华居住区,32000,385万元/套起(总价)
万科滨江都会,二居/ 三居 ,76~137平米,[滨海新区]  迎宾大道与坨场道交口南100米,[滨海新区],普通住宅,洋房,品牌地产,国际化社区,16000,105万元/套起(总价)
城投水西・东方天宸,三居 ,135~175平米,[西青]  水西公园・香怡道与中达路交口,[西青],洋房,品牌地产,花园洋房,景观居所,34000,459万元/套起(总价)
云麓公馆,三居/ 四居 ,96~175平米,[红桥]  西关大街与复兴路交口,[红桥],普通住宅,商业,品牌地产,国际化社区,45000,432万元/套起(总价)
旭辉滨海江来,三居/ 四居 ,98~170平米,[滨海新区]  中心商务区万达广场北50米,[滨海新区],普通住宅,品牌地产,地铁沿线,景观居所,22000,191万元/套起(总价)
西青城投格调松蕉花园,三居 ,96~143平米,[西青]  西青区中北永旺购物中心1f梦之源中庭,[西青],普通住宅,洋房,品牌地产,低总价,18000,175万元/套起(总价)
上实仰山,三居 ,110~150平米,[河东]  规划金梭南道与韶山道交口东南侧,[河东],普通住宅,地铁沿线,国企开发,湖景地产,38000,418万元/套起(总价)
农垦含章雅著,二居/ 三居 ,85~175平米,[河东]  靖江路和晨阳道交口,[河东],普通住宅,洋房,品牌地产,地铁沿线,33500,272万元/套起(总价)
格调浅羽花园,,,[滨海新区]  津滨轻轨9号线会展中心展东侧约120...,[滨海新区],普通住宅,品牌地产,地铁沿线,低密居所,20000,175万元/套起(总价)
榆竹里,二居/ 三居/ 四居/ 五居以上 ,136~420平米,"[滨海新区]  中央大道以东,花园西路以北",[滨海新区],联排,洋房,低密居所,特色别墅,27000,340万元/套起(总价)
金辉江山铭著,二居/ 三居 ,79~143平米,[西青]  华苑西小外旁海泰发展三道6号,[西青],普通住宅,品牌地产,低密居所,中式地产,20200,
保利时代,二居/ 三居 ,80~132平米,[津南]  咸水沽南华路与海怡路交口300米,[津南],普通住宅,洋房,品牌地产,低总价,14000,112万元/套起(总价)
天津中梁公馆,二居/ 三居/ 四居 ,78~119平米,"[滨海新区]  海洋高新区云山道吾悦广场以北,海缘东...",[滨海新区],普通住宅,洋房,品牌地产,低密居所,14000,109万元/套起(总价)
滨湾万科城,二居/ 三居 ,80~135平米,[滨海新区]  胡家园和商道与中三路交口...,[滨海新区],普通住宅,洋房,品牌地产,景观居所,12500,83万元/套起(总价)
中国铁建西派国印,三居/ 四居 ,89~133平米,[河北]  金钟河大街与万柳村大街交口,[河北],普通住宅,洋房,品牌地产,文旅地产,29000,232万元/套起(总价)
天保九如品筑,三居/ 四居 ,95~300平米,[滨海新区]  空港经济区经一路和纬二道交口,[滨海新区],叠拼,洋房,品牌地产,低密居所,20500,
体北鲁能公馆,二居/ 三居/ 四居 ,81~166平米,[河西]  环湖中路(体育学院东侧),[河西],普通住宅,大平层,品牌地产,国际化社区,55000,421万元/套起(总价)
中国铁建花语天境,二居/ 三居 ,80~125平米,[津南]  海河教育园区宁慧路与雅深路交口,[津南],普通住宅,洋房,低密居所,品牌地产,18000,
汇金华府,三居 ,99~129平米,[滨海新区]  中新生态城中天大道与和意路交汇处,[滨海新区],普通住宅,购物中心,品牌地产,国际化社区,19000,188万元/套起(总价)
富力又一城,二居/ 三居/ 四居 ,90~171平米,[津南]  天津大道与东沽路交口,[津南],普通住宅,住宅底商,小户型,现房,11000,77万元/套起(总价)
龙湖金科雍鑫春江天玺,二居/ 三居 ,78~126平米,[武清]  新兴路与浩源道交口,[武清],普通住宅,洋房,品牌地产,低密居所,12800,98万元/套起(总价)
保利云禧,二居/ 三居/ 四居 ,88~143平米,[南开]  迎水道99号,[南开],普通住宅,洋房,品牌地产,地铁沿线,42000,370万元/套起(总价)
保利和光尘樾,二居/ 三居 ,76~127平米,[西青]  精武镇才智道与学府东路交叉口西南,[西青],普通住宅,品牌地产,地铁沿线,低密居所,21500,163万元/套起(总价)
振业御湖,二居/ 三居/ 四居 ,84~142平米,"[滨海新区]  海洋科技园海缘路以西,智祥道以北",[滨海新区],普通住宅,洋房,品牌地产,低密居所,20000,135万元/套起(总价)
首创龙湖・天琅,二居/ 三居 ,85~139平米,[西青]  阜锦道与金霞路交口西南侧,[西青],普通住宅,,,,15600,135万元/套起(总价)
信达听松花园,二居/ 三居/ 四居 ,103~164平米,[西青]  领世路与津兴道交口前行300米,[西青],联排,普通住宅,低密居所,洋房,18000,
四季春晓,二居/ 三居 ,78~130平米,[津南]  嘉明路与雅馨路交口,[津南],普通住宅,商业,品牌地产,低密居所,18000,140万元/套起(总价)
融创・梅江壹号院,三居/ 四居 ,186~300平米,[西青]  梅江西路与郁江西道交口,[西青],普通住宅,洋房,品牌地产,国际化社区,45000,630万元/套起(总价)
一曲天辰,二居/ 三居 ,78~95平米,[北辰]  北辰西道与嘉安南路交叉口处南侧,[北辰],普通住宅,品牌地产,低总价,低密居所,11000,81万元/套起(总价)
雅颂台,二居/ 三居/ 四居 ,119~208平米,[河东]  六纬路与六经路交口南侧,[河东],普通住宅,品牌地产,地铁沿线,景观居所,38000,452万元/套起(总价)
彩虹城,一居/ 二居 ,68~87平米,[西青]  赤龙南街储祥道亲和美园、亲和良园,[西青],普通住宅,现房,低总价,地铁沿线,7000,48万元/套起(总价)
格调步庭,三居 ,92~139平米,[河东]  万川路与畅韵道交口东侧,[河东],普通住宅,商业,品牌地产,地铁沿线,30000,276万元/套起(总价)
新城中梁长风雅著,二居/ 三居 ,85~125平米,[滨海新区]  空港经济区东七道与航宇路交口,[滨海新区],普通住宅,洋房,品牌地产,低总价,18000,187万元/套起(总价)
万科运河文化村,二居/ 三居 ,89~120平米,"[北辰]  北仓示范镇,津永路以南,京杭运河以西...",[北辰],普通住宅,洋房,品牌地产,低总价,11000,86万元/套起(总价)
恒基旭辉都会江来,三居 ,95~120平米,[东丽]  卫国道快速与登州路交口南约800米(...,[东丽],普通住宅,洋房,品牌地产,地铁沿线,18000,157万元/套起(总价)
格调梁园,三居/ 四居 ,98~240平米,[滨海新区]  迎宾街与世纪大道交口,[滨海新区],普通住宅,洋房,品牌地产,花园洋房,15500,152万元/套起(总价)
金隅金玉府,二居/ 三居 ,85~105平米,[东丽]  慧捷路与金钟河大街交口,[东丽],普通住宅,品牌地产,地铁沿线,低总价,13000,136万元/套起(总价)
城投东方源筑,三居 ,93~108平米,[津南]  辛庄镇津沽公路与白万路交口,[津南],普通住宅,洋房,品牌地产,地铁沿线,13600,126万元/套起(总价)
新城悦隽年华,二居/ 三居 ,81~105平米,[武清]  广贤道与致远路交口东行100米路北,[武清],普通住宅,洋房,品牌地产,低密居所,12000,105万元/套起(总价)
品致鸿熙,二居 ,87~97平米,"[滨海新区]  中新天津生态城,北至航帆道,东至顺平...",[滨海新区],普通住宅,洋房,品牌地产,景观居所,12000,104万元/套起(总价)
大华清水湾,三居 ,90~120平米,[河东]  成林道与月牙河交口,[河东],普通住宅,品牌地产,地铁沿线,低密居所,35000,300万元/套起(总价)
南城拾壹方,三居/ 四居 ,121~202平米,[宝坻]  政通路与银练路交口,[宝坻],普通住宅,叠拼,低密居所,洋房,14500,167万元/套起(总价)
中交融成,三居 ,89~140平米,[河西]  规划东江道和梅林北路交口东南侧,[河西],普通住宅,品牌地产,地铁沿线,配套商品房,39000,347万元/套起(总价)
中交春映海河,二居/ 三居 ,80~120平米,[河东]  八纬路与大直沽十号路交口,[河东],普通住宅,品牌地产,地铁沿线,低密居所,36000,284万元/套起(总价)
远洋阅时光,二居/ 三居 ,79~120平米,[东丽]  国山路地铁站西北侧远洋阅时光营销中...,[东丽],普通住宅,洋房,品牌地产,地铁沿线,20000,158万元/套起(总价)
格调宝珀花园,三居/ 四居 ,118~188平米,"[滨海新区]  开发区第三大街以南,太湖西路以西",[滨海新区],普通住宅,大平层,品牌地产,地铁沿线,30000,342万元/套起(总价)
东亚新华国樾华府,二居/ 三居 ,79~135平米,[津南]  咸水沽镇海鑫路与南华路交口(津南医院...,[津南],洋房,品牌地产,地铁沿线,低密居所,14000,107万元/套起(总价)
金科中海金海湾,一居/ 二居/ 三居 ,66~117平米,[滨海新区]  新港一号路与海滨大道交口,[滨海新区],普通住宅,洋房,品牌地产,低密居所,13500,89万元/套起(总价)
中铁・滨城云著,二居/ 三居 ,75~108平米,[滨海新区]  嘉丰路与欣滨道交口,[滨海新区],普通住宅,不限购,低总价,宜居生态地产,9500,66万元/套起(总价)
建投・君诺壹府,三居 ,108~176平米,[宝坻]  宝坻区南三路与幸福路交口东南侧,[宝坻],普通住宅,洋房,品牌地产,低密居所,11500,130万元/套起(总价)
金隅金成府,二居/ 三居 ,82~116平米,[北辰]  普济河道与南口路交口北行800米,[北辰],普通住宅,商业,品牌地产,经济住宅,20000,164万元/套起(总价)
马场道57号,一居/ 二居 ,85~135平米,[河西]  南昌路与马场道交口,[河西],品牌地产,地铁沿线,不限购,城市中心地产,28000,
翡翠半岛,二居/ 三居 ,86~128平米,[武清]  翠亨路与京津二线交汇处,[武清],普通住宅,洋房,现房,复式,9500,43万元/套起(总价)
首创天阅海河,二居/ 三居/ 四居 ,92~224平米,[河北]  津浦北路与富堤路交口,[河北],普通住宅,商业,品牌地产,地铁沿线,43000,396万元/套起(总价)
金隅云筑,三居/ 四居 ,146~185平米,[滨海新区]  空港经济区中环东路与环碧道交口东行2...,[滨海新区],普通住宅,洋房,品牌地产,低密居所,25000,658万元/套起(总价)
御河臻Z,三居 ,115~143平米,[西青]  中北镇万卉路与卉锦道交口,[西青],普通住宅,商业,低密居所,改善优选,25000,290万元/套起(总价)
宝坻弘业・云邸,,,[宝坻] 宝坻区开元路与景苑街交口西北角,,普通住宅,低密居所,纯洋房社区,公园地产,16000,240万元/套起(总价)
建投・滨海玺悦,三居 ,105~143平米,[滨海新区] 嘉丰路与欣达道交口,,普通住宅,洋房,低密居所,洋房,11000,110万元/套起(总价)
经纬城市绿洲滨海,二居/ 三居/ 四居 ,96~148平米,[滨海新区]  大港港东三道与海景二路交口,[滨海新区],普通住宅,品牌地产,低密居所,低总价,11000,80万元/套起(总价)
保利拾光年,二居/ 三居 ,76~95平米,[西青]  海泰大道与华科五路交口处,[西青],普通住宅,品牌地产,刚需必看,,20500,185万元/套起(总价)
远洋潮起东方,二居/ 三居 ,85~142平米,"[滨海新区]  空港经济区纬二道以北,经二路以西",[滨海新区],普通住宅,叠拼,品牌地产,低密居所,20000,170万元/套起(总价)
香江健康小镇,一居/ 二居 ,38~69平米,[宝坻]  京津新城青龙湾北侧,[宝坻],普通住宅,商业,低密居所,小户型,8300,32万元/套起(总价)
品悦万澜,,,[武清] 天津市武清区雍阳西道与新安路交口东侧,,普通住宅,,,,16500,143万元/套起(总价)
新城玺樾潮鸣,三居/ 四居 ,95~168平米,"[宝坻]  体育馆南面,潮阳大道与银练西路交汇处",[宝坻],普通住宅,品牌地产,花园洋房,景观居所,10900,91万元/套起(总价)
锦绣大家,三居/ 四居 ,88~127平米,[津南]  海河教育园区和慧南路与同心路交口东南...,[津南],普通住宅,洋房,地铁沿线,小户型,19000,167万元/套起(总价)
特变中央湖,二居/ 三居 ,89~129平米,[武清]  商务区滨湖路与慧源道交叉口西侧,[武清],普通住宅,低密居所,景观居所,湖景地产,16500,147万元/套起(总价)
南开宸院・尚o,,,[南开]  凌宾路地铁站西侧约700米,[南开],品牌地产,地铁沿线,不限购,,25000,
万达自在澜湾,二居/ 三居/ 四居 ,82~124平米,[静海]  团泊新城常海道与环湖北路交口东南侧,[静海],洋房,品牌地产,低密居所,低总价,12600,103万元/套起(总价)
力高阳光海岸,二居/ 三居/ 四居/ 五居 ,88~673平米,[滨海新区]  航北路与湖滨路交口,[滨海新区],独栋,联排,现房,复合地产,7500,38万元/套起(总价)
中国铁建・滨海梧桐,二居/ 三居/ 四居 ,81~143平米,[滨海新区]  滨海高新区海川路与华山道交口,[滨海新区],普通住宅,洋房,品牌地产,低密居所,12500,101万元/套起(总价)
爱情缤纷里,二居/ 三居/ 四居 ,75~140平米,[西青]  学府东路与宾水西道交汇处(地铁3号线...,[西青],普通住宅,品牌地产,地铁沿线,小户型,19500,144万元/套起(总价)
天保上城观景,三居 ,99~137平米,"[南开]  南临保泽道,北靠中南道,东依兰坪路,...",[南开],普通住宅,商业,品牌地产,国际化社区,37000,366万元/套起(总价)
中交融正,三居 ,88~108平米,[河西]  大沽南路与学苑路交口以南300米,[河西],普通住宅,品牌地产,配套商品房,地铁沿线,35000,299万元/套起(总价)
华棠印象星空,二居/ 三居 ,79~110平米,[滨海新区]  航月道与渔笛路交口,[滨海新区],普通住宅,洋房,装修交付,低密居所,12000,93万元/套起(总价)
百郦荣锦苑,二居/ 三居 ,82~122平米,[东丽]  新立板块龙廷路与先锋路交口向北约20...,[东丽],普通住宅,地铁沿线,低密居所,小户型,147,
金侨云Z,三居/ 四居 ,87~140平米,[北辰]  朝阳路与顺义道交叉口西南侧,[北辰],普通住宅,洋房,品牌地产,低密居所,18000,152万元/套起(总价)
天房发展・林里公园,一居/ 二居 ,63~88平米,[津南]  双港镇景莲道5号,[津南],普通住宅,品牌地产,低密居所,低总价,13500,75万元/套起(总价)
中冶盛世国际广场mini墅,,,[河西]  大沽南路与洪泽路交口(靠近中环),[河西],LOFT,普通住宅,品牌地产,城市中心地产,21000,109万元/套起(总价)
万科大都会1号,四居 ,210平米,[滨海新区]  解放路与旭升路交口,[滨海新区],普通住宅,商业,品牌地产,国际化社区,25000,218万元/套起(总价)
海泰海港花园,,,[滨海新区]  临港湿地公园东侧海泰・海港花园营销中...,[滨海新区],普通住宅,洋房,品牌地产,花园洋房,5000,40万元/套(总价)
南园,二居/ 三居/ 四居 ,85~180平米,[津南]  津港公路与科技大道交口西南侧,[津南],联排,普通住宅,低密居所,洋房,13000,83万元/套起(总价)
景瑞誉Z天地,三居/ 四居 ,87~123平米,[滨海新区]  华苑科技园华科大街与内环二路交口处,[滨海新区],普通住宅,品牌地产,低密居所,低总价,20000,174万元/套起(总价)
坤弘锦绣静湖,二居/ 三居/ 四居 ,87~160平米,[滨海新区] 坤弘・锦绣静湖落址中泰大道畔、生态城...,,普通住宅,洋房,低密居所,花园洋房,16000,139万元/套起(总价)
金融街武清金悦府,二居/ 三居/ 四居 ,82~137平米,[武清]  黄庄街泉京路与泉尚路交汇处,[武清],联排,普通住宅,品牌地产,低密居所,14000,115万元/套起(总价)
中铁・滨城云境,二居/ 三居 ,85~136平米,[滨海新区]  天池路与湖州道交口,[滨海新区],普通住宅,品牌地产,低密居所,景观居所,13000,102万元/套起(总价)
际华园・天津府,,,[滨海新区]  于响核芯区万顺道与庆盛道交口,[滨海新区],普通住宅,品牌地产,豪华居住区,宜居生态地产,18500,
海奥春晖书院,,,[静海]  静海区旭华道与北盛路交叉口南约250...,[静海],普通住宅,,,,价格待定,
南湖映月,三居 ,93~110平米,[武清]  下朱庄街道天和路与藕甸道西南交汇口,[武清],洋房,低总价,花园洋房,景观居所,11500,107万元/套起(总价)
汇金首府,,,[滨海新区]  中央大道与和睦路交口,[滨海新区],普通住宅,洋房,低密居所,花园洋房,21000,271万元/套起(总价)
泽信渤龙云筑,二居/ 三居 ,78~100平米,[滨海新区]  渤龙湖神舟大道与中心庄路交汇处,[滨海新区],普通住宅,洋房,低密居所,景观居所,8888,
南湾壹号,三居 ,101~140平米,"[滨海新区]  中新生态城临海新城富盛路以西,海逸道...",[滨海新区],普通住宅,洋房,不限购,花园洋房,16500,157万元/套起(总价)
融侨方圆,三居/ 四居 ,89~154平米,[西青]  张家窝镇枫雅道以北,[西青],普通住宅,品牌地产,现房,,19000,230万元/套(总价)
建投棠语海,三居 ,104~138平米,[滨海新区]  黄海北路与梅州道交口,[滨海新区],普通住宅,品牌地产,低密居所,改善优选,14000,140万元/套起(总价)
上东金茂智慧科学城五期(D3地块),三居 ,90~128平米,"[东丽]  东丽区天山南路与方山道交口西北侧,地...",[东丽],普通住宅,洋房,品牌地产,地铁沿线,25000,225万元/套起(总价)
雅居乐滨河雅郡,三居/ 四居 ,89~137平米,[滨海新区]  中新生态城中生大道与泰九路交口,[滨海新区],普通住宅,洋房,品牌地产,低密居所,13000,98万元/套起(总价)
海晶院境,二居/ 三居 ,89~110平米,[滨海新区]  中康路与永秀道交口,[滨海新区],普通住宅,洋房,低密居所,低总价,10600,89万元/套起(总价)
上东金茂智慧科学城四期(D1地块),三居 ,89~128平米,"[东丽]  天山南路与方山道交口西北侧,北至天柳...",[东丽],普通住宅,地铁沿线,低密居所,配套商品房,25500,209万元/套起(总价)
天津御湖庄园,二居/ 三居/ 四居 ,73~144平米,[武清]  建设南路南行800米,[武清],联排,普通住宅,小户型,低密居所,10500,
金隅金成熙府,二居/ 三居/ 四居 ,79~124平米,[北辰]  顺义道与新峰路交口,[北辰],普通住宅,商业,品牌地产,经济住宅,18000,142万元/套起(总价)
融创云潮府,二居/ 三居 ,76~143平米,[津南]  和慧南路与同德道交口,[津南],叠拼,洋房,品牌地产,国际化社区,21000,160万元/套起(总价)
海景文苑,一居/ 二居 ,58~114平米,[河西]  台儿庄南路与古海道交口,[河西],普通住宅,住宅型公寓,品牌地产,地铁沿线,32000,187万元/套起(总价)
eden春山里,二居 ,98~102平米,"[蓟州]  盘山风景区东,蓟州燕山西大街北",[蓟州],普通住宅,洋房,国际化社区,低密居所,8000,75万元/套(总价)
中建玖棠府,三居 ,86~125平米,[东丽]  东丽湖路与智景东道交口,[东丽],普通住宅,洋房,品牌地产,经济住宅,9800,119万元/套起(总价)
格调林泉2期,二居/ 三居/ 四居 ,87~180平米,[滨海新区]  开发区洞庭路与第一大街交口,[滨海新区],普通住宅,品牌地产,低密居所,中式地产,27500,239万元/套起(总价)
首创・新北京半岛,一居/ 二居/ 三居/ 四居 ,50~160平米,[武清]  京津高速京津同城出口即到,[武清],联排,普通住宅,品牌地产,国际化社区,8800,60万元/套起(总价)
首城珑玺禾院,二居/ 三居/ 四居 ,118~178平米,[武清]  下朱庄街嘉平道南侧,[武清],普通住宅,品牌地产,低密居所,景观居所,22000,260万元/套起(总价)
华宇御熹_,二居 ,143平米,[河西]  新会道与曲江路交口,[河西],普通住宅,叠拼,品牌地产,地铁沿线,50000,445万元/套起(总价)
中海津门大院,,,[滨海新区]  第二大街与太湖西路交口,[滨海新区],普通住宅,叠拼,品牌地产,低密居所,28000,390万元/套起(总价)
蓝光雍锦府,二居/ 四居 ,80~130平米,[河北]  王串场五号路与富强道交口,[河北],普通住宅,商业,品牌地产,,32000,256万元/套起(总价)
融创阿朵云岛,一居/ 二居/ 三居/ 四居 ,44~360平米,[津南]  天嘉湖大道西侧,[津南],普通住宅,叠拼,品牌地产,宜居生态地产,9600,42万元/套起(总价)
中新・半湖伴杉,三居 ,97~135平米,[滨海新区]  生态城生态岛中生大道与静湖北路交汇口,[滨海新区],普通住宅,品牌地产,低密居所,现房,15000,146万元/套起(总价)
观承友院,,,[津南]  津南区八里台东路与阁榭路交口(原天津...,[津南],不限购,特色别墅,品牌地产,景观居所,23000,
中国铁建・花语澜廷,二居/ 三居 ,77~139平米,[津南]  辛庄镇国欣路西侧,[津南],普通住宅,叠拼,品牌地产,地铁沿线,21000,162万元/套起(总价)
天安象屿智慧城,二居/ 三居/ 四居 ,88~120平米,[东丽]  津汉公路二号桥与三号桥之间北侧(津汉...,[东丽],普通住宅,洋房,低密居所,现房,9900,58万元/套起(总价)
双威悦馨苑,二居/ 三居 ,90~142平米,[滨海新区]  中新大道3681号,[滨海新区],普通住宅,小户型,景观居所,教育地产,14800,102万元/套起(总价)
中建玖樾府,三居 ,85~108平米,[东丽]  先锋路与丰安路交汇的东北角,[东丽],普通住宅,品牌地产,地铁沿线,低密居所,21000,160万元/套起(总价)
大华锦绣华城,二居/ 三居/ 四居 ,83~121平米,[北辰]  辰柳路与新致道交汇处东南侧,[北辰],普通住宅,品牌地产,景观居所,,10000,137万元/套起(总价)
鸿坤理想城,二居/ 三居/ 四居 ,89~150平米,[静海]  仁爱大道与汉水道交口,[静海],联排,普通住宅,湖景地产,宜居生态地产,7000,57万元/套起(总价)
中国铁建公馆189,,,[河北]  中环线与金钟河大街交口,[河北],品牌地产,地铁沿线,低总价,,10000,
格调石溪,三居/ 四居 ,161~275平米,[蓟州] 文昌街道燕山东大街与果园路交口,,普通住宅,叠拼,品牌地产,文旅地产,18000,194万元/套起(总价)
天津华侨城天鹅堡・观筑,二居/ 三居 ,88~120平米,"[东丽]  东丽湖路以西,东丽之光大道以南",[东丽],普通住宅,地铁沿线,现房,创意地产,11500,77万元/套起(总价)
绿城春熙明月,三居/ 四居 ,93~143平米,[静海]  北华路与瑞和道交口,[静海],普通住宅,洋房,品牌地产,现房,14500,128万元/套起(总价)
天安珑园,二居/ 三居/ 四居/ 五居 ,90~150平米,[西青]  张家窝镇天安路1号,[西青],联排,普通住宅,地铁沿线,低密居所,13500,122万元/套起(总价)
中交上东湾,二居/ 三居 ,77~127平米,[滨海新区]  东疆港陕西道88号,[滨海新区],普通住宅,洋房,品牌地产,低密居所,8500,65万元/套起(总价)
华纳・豪园,三居/ 四居/ 五居 ,209~838平米,[滨海新区]  开发区第二大街与南海路交口,[滨海新区],普通住宅,品牌地产,国际化社区,花园洋房,35000,732万元/套起(总价)
中交天郡,三居 ,89~160平米,[蓟州]  蓟州街与湖西路交口(人民公园西侧),[蓟州],普通住宅,洋房,品牌地产,低密居所,11500,102万元/套起(总价)
北宁公元,二居/ 三居 ,88~130平米,"[河北]  育红路与思源路交口,中环线盐坨桥东侧...",[河北],普通住宅,商业,现房,公园地产,26000,258万元/套起(总价)
宸悦府,二居/ 三居 ,82~102平米,[北辰]  北部新区北辰东道与尚梅路交口,[北辰],普通住宅,品牌地产,地铁沿线,经济住宅,10500,95万元/套起(总价)
津南华府,二居/ 三居/ 四居 ,85~145平米,[津南]  二八线与津南环线交汇处,[津南],普通住宅,洋房,现房,中式地产,17000,162万元/套起(总价)
鲁能泰山7号,二居/ 三居 ,133~158平米,[津南]  海河教育园区同心路与雅润路交口西南侧,[津南],联排,普通住宅,品牌地产,国际化社区,28000,190万元/套起(总价)
天逸庭苑,,,[滨海新区]  西至海景八路、北至港东二道、东至海景...,[滨海新区],普通住宅,低密居所,,,15500,220万元/套起(总价)
和溪园,二居/ 三居 ,83~121平米,"[滨海新区]  东至生态谷,南至和意路,西至中新大道...",[滨海新区],普通住宅,洋房,低密居所,低总价,19000,125万元/套起(总价)
新和锦园,三居 ,109~119平米,[滨海新区]  中天大道与华四路交口,[滨海新区],普通住宅,洋房,低密居所,低总价,16000,174万元/套起(总价)
碧桂园云河上院,二居/ 三居/ 四居 ,130~165平米,[武清]  南东线与龙凤新河交口东侧,[武清],普通住宅,叠拼,品牌地产,宜居生态地产,8500,75万元/套起(总价)
中海钻石湾・洋楼工馆,,,[河东]  大王庄街道大光明桥西侧海河东路518...,[河东],品牌地产,低总价,地铁沿线,小户型,16000,
天津翡翠公园,三居/ 四居 ,99~167平米,[东丽]  东丽大道与丽桐路交口,[东丽],普通住宅,洋房,花园洋房,景观居所,13000,129万元/套起(总价)
博岸名邸,二居/ 三居/ 四居 ,106~269平米,[河西]  台儿庄路与海津大桥交口西侧,[河西],洋房,地铁沿线,低密居所,景观居所,37000,426万元/套起(总价)
复地壹号湾,二居/ 三居/ 四居 ,86~138平米,[滨海新区]  于家堡融圣路以东、永太路以北,[滨海新区],普通住宅,标准写字楼,品牌地产,复合地产,23500,202万元/套起(总价)
冠城乐治新邸,,,[宝坻] 宝坻区开元路与北城西路交口,,普通住宅,洋房,洋房,,价格待定,
绿城春熙云峰,二居/ 三居/ 四居 ,86~195平米,[静海]  北盛路与春曦道交口西南侧,[静海],普通住宅,洋房,低密居所,现房,16000,130万元/套起(总价)
中车・悦湖湾,二居/ 三居 ,85~130平米,[滨海新区]  塘黄路13829号,[滨海新区],普通住宅,洋房,低密居所,低总价,6500,55万元/套起(总价)
天津宝坻吾悦广场,三居/ 四居 ,100~172平米,[宝坻]  潮阳大道与渠阳路交口,[宝坻],普通住宅,购物中心,品牌地产,经济住宅,10500,105万元/套起(总价)
丽泽花园,,,[武清] 武清区黄庄街滨河道北侧,,普通住宅,低密居所,,,8500,55万元/套起(总价)
融创宸阅和鸣,二居/ 三居 ,79~118平米,[北辰]  新峰路与天和东道交口东北侧,[北辰],普通住宅,品牌地产,低密居所,,20000,158万元/套起(总价)
北科建水岸华府,二居/ 三居 ,79~100平米,[北辰]  双裕路与和正道交口(地铁5号线北辰科...,[北辰],普通住宅,品牌地产,地铁沿线,低密居所,10000,79万元/套起(总价)
江山源境,三居 ,89~108平米,[蓟州]  湖东大道与蓟州街交口南侧200米路西,[蓟州],普通住宅,洋房,品牌地产,低密居所,9000,80万元/套起(总价)
雍鑫紫泉御品,,,[武清] 武清区建设路东侧,,普通住宅,商业,,,15000,
保利梧桐大道,三居/ 四居 ,90~125平米,[武清]  南湖风景区天和路东侧,[武清],普通住宅,洋房,品牌地产,低密居所,10000,108万元/套起(总价)
Z和苑,二居/ 三居 ,275~320平米,[滨海新区]  华一路以北、故道河以东,[滨海新区],双拼,低密居所,现房,景观居所,17500,347万元/套起(总价)
林奇郡中心城,,,[静海]  团泊新城仁爱大道与中央大道交汇处,[静海],联排,普通住宅,现房,湖景地产,6600,122万元/套起(总价)
融泰城,三居 ,92~124平米,[西青]  津涞公路与秀川路交口,[西青],普通住宅,低密居所,,,22000,196万元/套起(总价)
澜岸铭苑,二居/ 三居 ,135~169平米,[滨海新区]  生态城起步区,[滨海新区],联排,普通住宅,品牌地产,低密居所,18500,250万元/套起(总价)
中海和平之门商业,,,[和平]  和平路与多伦道交口,[和平],品牌地产,地铁沿线,,,65000,
东方和府,三居/ 四居 ,89~143平米,"[东丽]  张贵庄南侧居住区,西至跃进北路、南至...",[东丽],普通住宅,洋房,品牌地产,低密居所,24000,214万元/套起(总价)
复地林与里,二居/ 三居 ,0~120平米,"[滨海新区]  空港经济区纬二道以北,经四路以东",[滨海新区],洋房,品牌地产,国际化社区,低密居所,16200,138万元/套起(总价)
和融广场,一居/ 二居/ 三居 ,61~120平米,[河北]  胜利路与兴隆街交口,[河北],购物中心,地铁沿线,低总价,小户型,30000,
政华盛华园,,,[静海]  静海新城春曦道以西地纬路以北,[静海],普通住宅,低密居所,,,22000,
融侨阳光城皓h,三居/ 四居 ,98~152平米,[西青]  张家窝镇枫雅道以北,[西青],联排,普通住宅,品牌地产,地铁沿线,200,
静海万达御府世家,三居/ 四居 ,90~139平米,[静海]  静海镇津文路与旭华道交口处,[静海],普通住宅,品牌地产,低密居所,景观居所,15000,140万元/套起(总价)
亚泰雍阳府,二居/ 三居/ 四居 ,90~140平米,[武清]  黄庄街道中央水城建设南路东侧,[武清],普通住宅,洋房,品牌地产,低密居所,14000,126万元/套起(总价)
保利天汇,二居/ 三居/ 四居 ,84~163平米,[宁河]  桥北新区光明桥西侧永进道与绿荫西路交...,[宁河],普通住宅,住宅底商,品牌地产,低密居所,11000,92万元/套起(总价)
新城悦隽公馆,二居/ 三居 ,85~125平米,[宁河]  桥北新区津榆路与滨水东路交口东北侧,[宁河],普通住宅,洋房,品牌地产,低密居所,5500,45万元/套起(总价)
上东金茂智慧科学城二期,二居/ 三居 ,83~115平米,[东丽]  沙柳南路与方山道交口,[东丽],普通住宅,品牌地产,低密居所,小户型,24500,203万元/套起(总价)
融创大河宸院,二居/ 三居 ,82~121平米,[武清]  杨崔公路与武宁路交口,[武清],普通住宅,品牌地产,经济住宅,低密居所,11000,90万元/套起(总价)
天山玺,,,[津南]  小站镇天山路与昌盛路交叉口西南角,[津南],联排,普通住宅,现房,特色别墅,8500,76万元/套起(总价)
中核智慧城,三居/ 四居 ,98~130平米,[滨海新区]  中新天津生态城中央大道与玉砂道交口,[滨海新区],普通住宅,洋房,品牌地产,宜居生态地产,16500,150万元/套起(总价)
正荣・云溪润宸,二居/ 三居 ,82~108平米,[西青]  天津市西青区南站科技商务区丰泽道与晨...,[西青],普通住宅,品牌地产,地铁沿线,经济住宅,131,
荔城世纪,一居/ 二居/ 三居/ 四居 ,80~143平米,[武清]  强国道与翠通路交口,[武清],普通住宅,低总价,现房,,12800,99万元/套起(总价)
蓟州万达广场,三居 ,90~140平米,[蓟州]  湖西路与滨湖街交叉口西南角100米,[蓟州],普通住宅,购物中心,品牌地产,复合地产,12000,96万元/套起(总价)
雅居乐津侨国际小镇,二居/ 三居/ 四居 ,83~141平米,[宝坻]  朝阳街道潮白河南岸津围线路西,[宝坻],普通住宅,洋房,品牌地产,低密居所,8500,
碧水云天庄园,三居/ 四居 ,118~177平米,[蓟州]  东大屯公交站北侧,[蓟州],联排,普通住宅,低密居所,现房,15000,177万元/套起(总价)
建投・滨城园章,二居/ 三居 ,120~172平米,[滨海新区]  欣荣道与嘉丰路交口,[滨海新区],普通住宅,叠拼,品牌地产,低密居所,12500,140万元/套起(总价)
农垦含章宝邸,二居/ 三居 ,80~117平米,[宝坻]  宁海路与精天道交口(务本道小学东侧),[宝坻],普通住宅,洋房,品牌地产,低密居所,11000,88万元/套起(总价)
天物郁江溪岸・丽竹苑,二居 ,97平米,[河西]  郁江道与幕山路交口东南侧约200米,[河西],普通住宅,品牌地产,现房,刚需必看,33000,322万元/套起(总价)
融信津南府,三居/ 四居 ,102~165平米,[津南]  津岐公路与宜惠道交口处西侧100米,[津南],联排,普通住宅,品牌地产,小户型,11000,112万元/套起(总价)
红|和院,二居/ 三居 ,86~126平米,[宁河]  芦台镇芦汉公路与滨玉线交口北侧(原外...,[宁河],普通住宅,叠拼,品牌地产,低密居所,8200,71万元/套起(总价)
首创天阅公馆,二居/ 三居 ,44~70平米,[河北]  富堤路与津浦北路交口,[河北],品牌地产,地铁沿线,低总价,小户型,30000,130万元/套起(总价)
大唐盛世,二居/ 三居/ 四居 ,85~138平米,[津南]  八里台镇天嘉湖大道东侧,[津南],普通住宅,洋房,品牌地产,低总价,8500,66万元/套起(总价)
中建Z秀,三居 ,89~125平米,"[滨海新区]  新城镇津越道以南,海河南路以东",[滨海新区],普通住宅,叠拼,品牌地产,低密居所,13000,116万元/套起(总价)
天津湾海景芯苑,一居/ 二居 ,66~82平米,[河西]  大沽南路和洪泽路交口,[河西],酒店式公寓,住宅型公寓,地铁沿线,低总价,27500,182万元/套起(总价)
万科新都会,,,"[南开]  简阳路东侧,西湖道南侧",[南开],品牌地产,不限购,,,18000,
中海寰宇时代,,,[河西]  解放南路与渌水道交口,[河西],普通住宅,商业,品牌地产,国际化社区,360,
爱情花园里,三居 ,89~117平米,[津南]  八里台镇津港公路南侧丰泽道与泰和路交...,[津南],普通住宅,叠拼,低密居所,小户型,9200,82万元/套起(总价)
佳源观城,一居/ 二居/ 三居 ,89~140平米,[滨海新区]  洞庭路与第二大街交汇处,[滨海新区],普通住宅,经济住宅,复合地产,,17700,156万元/套起(总价)
中海环宇中心,,,[河东] 河东区大王庄街道六纬路与十经路交口处,,标准写字楼,品牌地产,地铁沿线,现房,16000,
合景誉峰,三居/ 四居 ,96~142平米,[滨海新区]  中心商务区安阳道与庆盛道交口东南侧,[滨海新区],普通住宅,现房,中式地产,装修交付,19000,240万元/套起(总价)
万科宝坻城市之光,二居/ 三居 ,85~125平米,[宝坻]  南城东路与通唐路交叉口,[宝坻],普通住宅,洋房,品牌地产,花园洋房,9500,75万元/套起(总价)
津港城,二居/ 三居 ,83~93平米,[滨海新区]  中部新城金岸六道与银河五路交汇处,[滨海新区],普通住宅,两限房,经济住宅,低密居所,8000,66万元/套起(总价)
鑫苑汤泉世家,二居/ 三居/ 四居/ 五居 ,86~218平米,[武清]  京津高速泗村店东出口右转直行约2公里...,[武清],联排,普通住宅,低密居所,,11500,99万元/套起(总价)
渤龙北苑,,,[滨海新区]  滨海高新区滨海科技园渤展路与惠全道交...,[滨海新区],普通住宅,低密居所,,,7500,
金辉云缦天境,三居 ,99~143平米,[宝坻]  新仓路与安成街交口东北角,[宝坻],洋房,大平层,品牌地产,低密居所,12000,119万元/套起(总价)
世茂起湾,二居/ 三居/ 四居/ 五居/ 五居以上 ,83~315平米,[滨海新区]  中心渔港鲤鱼门,[滨海新区],独栋,联排,品牌地产,低密居所,9000,80万元/套起(总价)
金融街碧桂园熙湖_,五居 ,214平米,[东丽]  东丽东道与光艳路交区智景口,[东丽],联排,普通住宅,品牌地产,低密居所,12500,147万元/套起(总价)
荣盛碧桂园云鼎星遇,,,[红桥]  邵公庄大街荣盛碧桂园云鼎,[红桥],品牌地产,地铁沿线,不限购,低总价,18000,
建投君诺学府,三居 ,96~125平米,[宝坻]  安城街与朝霞路交口,[宝坻],普通住宅,洋房,品牌地产,小户型,11500,115万元/套起(总价)
龙湖春江郦城|运河印,三居 ,108~143平米,[武清]  京津公路与振华西道交口(友谊商厦对面...,[武清],普通住宅,品牌地产,低密居所,水景地产,19000,205万元/套起(总价)
鲲栖府,四居 ,145~155平米,[东丽]  华明镇弘贯东道与祥云路交口,[东丽],普通住宅,品牌地产,现房,改善优选,21000,179万元/套起(总价)
万科大都会MIMA,,,"[滨海新区]  中心商务区洞庭路以东,大连东道以南",[滨海新区],品牌地产,国际化社区,复合地产,,11000,
金宸・稳和世家,二居/ 三居/ 四居 ,115~143平米,[西青]  西青区王稳庄镇锦明道南、稳和路西侧,[西青],普通住宅,叠拼,低密居所,低总价,10216,
国展东壹号・海h名邸,二居/ 三居 ,85~118平米,[津南]  津沽公路与双荣道交口(808公交总站...,[津南],普通住宅,品牌地产,宜居生态地产,,14000,119万元/套起(总价)
筑境,三居 ,127~150平米,[静海]  静海新城春曦道与宙纬路交口,[静海],普通住宅,洋房,经济住宅,低密居所,16500,144万元/套起(总价)
瞰海轩,,,[滨海新区]  东疆港保税港区宁夏道与亚洲路交口西侧,[滨海新区],普通住宅,文旅地产,经济住宅,现房,8500,87万元/套起(总价)
湖Z中心・湖Z苑,,,"[蓟州]  北至依水街,南至俱扬街,西至湖西路,...",[蓟州],普通住宅,低密居所,小户型,景观居所,9700,82万元/套起(总价)
融信西海岸,二居/ 三居/ 四居 ,90~160平米,[静海]  团泊新城东区仁爱西道与泽水南路交口,[静海],联排,普通住宅,低密居所,洋房,6600,73万元/套起(总价)
蓝光雍锦半岛,三居/ 四居 ,100~143平米,[西青]  杨柳青津同公路与子牙桥交口1公里处(...,[西青],普通住宅,洋房,低密居所,洋房,11500,115万元/套起(总价)
绿地海域香颂,三居/ 四居/ 五居/ 五居以上 ,130~190平米,[静海]  团泊新城津王公路东侧仁爱学院向南20...,[静海],联排,普通住宅,宜居生态地产,改善优选,168,
信达南开壹品,,,[南开]  五马路与西市大街交口,[南开],品牌地产,地铁沿线,不限购,,30000,
湘江道8号,一居/ 二居 ,29~58平米,[河西] 湘江道东舍宅8号楼,,洋房,低密居所,低总价,花园洋房,52000,145万元/套起(总价)
富力爱丁堡,,,[津南]  大沽南路与外环南路交口,[津南],品牌地产,经济住宅,低总价,小户型,23000,
海河西岸公馆,,,[河西]  台儿庄路西侧(融创海河大观旁),[河西],地铁沿线,,,,26000,
万科天地,,,[东丽]  开发区新桂路与旌智道交口处东南侧,[东丽],小户型,不限购,地铁沿线,,10000,
中建锦绣丽城当红PRO,二居/ 三居/ 四居 ,80~125平米,[东丽]  思源东路与金丽道交口,[东丽],普通住宅,商业,品牌地产,低密居所,15000,120万元/套起(总价)
中梁津门首府,二居/ 三居 ,77~116平米,[北辰]  永兴道与义安路交口,[北辰],普通住宅,洋房,品牌地产,洋房,8100,62万元/套起(总价)
新城・珑悦,二居/ 三居 ,78~89平米,[北辰]  小淀镇津围公路小淀医院对面(近3号线...,[北辰],普通住宅,品牌地产,经济住宅,刚需必看,11000,86万元/套起(总价)
金科博翠湾,二居/ 三居/ 四居 ,220~235平米,[武清]  泉雅道与滨河道交口,[武清],联排,普通住宅,品牌地产,特色别墅,16000,139万元/套起(总价)
美域新城,,,"[蓟州]  新客运站南侧,紧邻津蓟高速公路",[蓟州],普通住宅,品牌地产,小户型,现房,9500,81万元/套起(总价)
汇悦城,二居/ 三居/ 四居 ,70~118平米,[滨海新区]  经济技术开发区西区南大街与冬旭路交口,[滨海新区],普通住宅,商业,品牌地产,低密居所,9500,55万元/套起(总价)
融创御河宸院,二居/ 三居 ,89~130平米,[宝坻]  景苑街与望月路交口,[宝坻],普通住宅,品牌地产,低密居所,景观居所,11000,98万元/套起(总价)
天津华侨城纯水岸・锦里,二居/ 三居 ,83~132平米,"[东丽]  区东丽湖路以西,东丽之光大道以南",[东丽],英式,品牌地产,水景地产,低密居所,13500,112万元/套起(总价)
小岛壹号,,,[滨海新区] 海景二路小岛壹号,,普通住宅,低密居所,,,16500,240万元/套起(总价)
友联・金鼎华府,三居/ 四居 ,115~141平米,[宁河]  芦台镇朝阳路与滨玉路(原芦汉路)交口...,[宁河],洋房,低密居所,花园洋房,改善优选,12000,155万元/套起(总价)
天地源叠墅,三居/ 四居/ 五居 ,118~208平米,[津南]  镇福汇道与建营路交口,[津南],普通住宅,叠拼,品牌地产,低密居所,10500,92万元/套起(总价)
东湖嘉庭,二居 ,78~97平米,[东丽]  东丽区东丽湖东丽大道以北,[东丽],普通住宅,品牌地产,刚需必看,低密居所,7000,55万元/套起(总价)
阳光城翡丽公园,二居/ 三居 ,132~135平米,[北辰]  九园公路北侧永进道与万河路交口,[北辰],普通住宅,叠拼,品牌地产,低密居所,95,
天骥筑Z,二居/ 三居 ,83~113平米,[东丽]  津汉公路与东丽湖路交口(武警后勤学院...,[东丽],普通住宅,洋房,现房,复合地产,8300,65万元/套起(总价)
天住・君山府,三居/ 四居 ,95~186平米,[蓟州]  长城大道与华府路交口,[蓟州],普通住宅,叠拼,品牌地产,低密居所,14500,138万元/套起(总价)
金重・金翠澜庭,二居/ 三居 ,91~128平米,[静海]  东升道与团静线交口,[静海],普通住宅,低密居所,花园洋房,景观居所,13000,118万元/套起(总价)
理想之城,二居/ 三居 ,78~113平米,[宝坻]  新宝坻大道与钰华街交口西北侧,[宝坻],普通住宅,洋房,品牌地产,低密居所,10500,82万元/套起(总价)
樾塘,二居/ 三居 ,89~118平米,[滨海新区]  北塘街道嘉丰路与嘉园道交口,[滨海新区],普通住宅,经济住宅,宜居生态地产,,10900,97万元/套起(总价)
金辉城中央云著,二居/ 三居/ 四居 ,85~108平米,[宝坻]  钰华街与渔阳路交口东侧,[宝坻],普通住宅,洋房,品牌地产,花园洋房,12000,100万元/套起(总价)
东昊骏Z学府,二居/ 三居 ,87~129平米,[宁河]  桥北新区小杨道南侧(实验学校旁),[宁河],普通住宅,洋房,低密居所,现房,9900,80万元/套起(总价)
招商蛇口・天津网谷,,,[武清]  滨湖路北侧,[武清],品牌地产,低总价,小户型,不限购,12000,115万元/套起(总价)
品致臻熙,三居/ 四居 ,88~117平米,"[滨海新区]  生态城云溪道以北,兰溪道以南,彩辰路...",[滨海新区],普通住宅,低密居所,低总价,小户型,14300,171万元/套(总价)
泰成云海苑,,,"[滨海新区] 天津市滨海新区银河环路以西,金岸二道...",,普通住宅,,,,7600,66万元/套(总价)
木汐海岸,三居/ 四居 ,135~221平米,[滨海新区]  中新生态城滨海旅游区海洋博物馆西南侧,[滨海新区],普通住宅,低密居所,现房,宜居生态地产,25000,490万元/套起(总价)
中交香颂,三居/ 四居 ,90~143平米,[宝坻]  南三路与新仓路东南交口,[宝坻],普通住宅,品牌地产,低密居所,现房,13500,122万元/套起(总价)
中储智运大厦,,,[河东]  河东区琳科中路与津滨大道交叉口,[河东],地铁沿线,现房,不限购,,10500,
诺金兰亭园,,,[宝坻] 幸福路与迎薰街交口处,,普通住宅,,,,11500,119万元/套起(总价)
中建・国展福邻荟,,,[津南] 津南区辛庄镇,,地铁沿线,,,,价格待定,
实地常春藤,三居 ,92~115平米,[蓟州]  西昌路东侧依水街南侧(同乐园小学西侧...,[蓟州],普通住宅,洋房,品牌地产,低密居所,11000,101万元/套起(总价)
首城南湖Z院,二居/ 三居/ 四居 ,91~145平米,[武清]  环湖路与朗庄子道交汇处路北,[武清],普通住宅,洋房,品牌地产,低密居所,13600,124万元/套起(总价)
翰林府,二居/ 三居 ,89~130平米,[静海]  东方红路与工农大街交口东北侧,[静海],普通住宅,低总价,,,13500,120万元/套起(总价)
新业御园,一居/ 二居/ 三居 ,70~130平米,[东丽]  地铁9号线东丽开发区站南侧(新业广场...,[东丽],普通住宅,地铁沿线,花园洋房,,21000,161万元/套起(总价)
和悦汇・Wei街,,,[河西]  大沽南路与洪泽路交口,[河西],品牌地产,不限购,地铁沿线,,200,
天津新鸥鹏教育城,二居/ 三居 ,75~115平米,[津南]  永胜道与鑫怡路交口,[津南],普通住宅,地铁沿线,,,16000,113万元/套起(总价)
阳光100天塔喜马拉雅,一居/ 二居 ,55~139平米,[南开]  卫津南路与天塔道交口西南侧,[南开],写字楼商铺,地铁沿线,,,50000,
新城悦隽风华・悦城,二居/ 三居 ,82~96平米,[北辰]  永康道西侧缤辰苑,[北辰],普通住宅,洋房,品牌地产,经济住宅,12100,99万元/套起(总价)
慧谷风华,二居/ 三居 ,88~110平米,[宁河]  绿荫西路北段南侧,[宁河],普通住宅,低密居所,花园洋房,景观居所,10000,62万元/套起(总价)
贻海观澜,五居/ 五居以上 ,355平米,"[滨海新区]  东疆自贸区观澜路以东,贺兰道以北",[滨海新区],普通住宅,文旅地产,海景地产,改善优选,14000,497万元/套起(总价)
首钢・柒里风华,一居/ 二居/ 三居 ,53~104平米,[宝坻]  京津新城祥瑞大街与珠江街交口,[宝坻],普通住宅,品牌地产,低密居所,小户型,7500,39万元/套起(总价)
枫情商业广场四街区,,,[滨海新区]  生态城旅游区明盛路与海鸿道交口,[滨海新区],低总价,小户型,不限购,,21580,
融信金地澜悦V立方,,,[东丽]  津塘公路与富安路交口(新立轻轨站旁),[东丽],品牌地产,低总价,不限购,loft,14000,
通新润府,三居/ 四居 ,90~122平米,[津南]  小站盛塘路及后营路交汇处,[津南],普通住宅,洋房,经济住宅,低密居所,9000,75万元/套起(总价)
新华常春藤,二居/ 三居 ,78~90平米,[静海]  团泊新城2号路,[静海],普通住宅,叠拼,低密居所,低总价,6500,51万元/套起(总价)
鸿坤原乡小镇,一居/ 二居/ 三居 ,48~99平米,[宝坻]  宝白公路与龙江大街交口,[宝坻],独栋,联排,品牌地产,花园洋房,7800,37万元/套起(总价)
天津滨海吾广场,,,[滨海新区]  云山道与海缘东路交口,[滨海新区],品牌地产,,,,10000,
星河传奇,二居/ 三居/ 四居 ,86~144平米,[宝坻]  海滨街道兴海路与北环路交口,[宝坻],普通住宅,叠拼,低密居所,现房,8700,75万元/套起(总价)
中关村新世界,二居/ 三居 ,80~105平米,[宝坻]  中关村大道与朝霞路交口,[宝坻],普通住宅,洋房,低密居所,低总价,12500,96万元/套起(总价)
中交美墅花园,三居 ,141平米,[宝坻]  南三路与开泰路交口,[宝坻],联排,普通住宅,经济住宅,现房,28000,500万元/套起(总价)
金地房产直营店,二居/ 三居 ,71~170平米,[东丽]  地铁6号线大毕庄地铁站c口东行300...,[东丽],普通住宅,叠拼,品牌地产,地铁沿线,98,
奥园麓语公元,三居 ,90平米,[津南]  东至泰和路、南至丰泽路、西至建设路、...,[津南],联排,普通住宅,品牌地产,低密居所,8500,
金侨瑞公馆,二居/ 三居 ,75~95平米,[北辰]  经济开发区大张庄镇永合道与滨湖路交口...,[北辰],普通住宅,洋房,品牌地产,低密居所,11000,83万元/套起(总价)
景瑞华发悦玺台,二居/ 三居 ,78~122平米,[滨海新区]  新城国丰路与津卓道交口,[滨海新区],普通住宅,品牌地产,低密居所,低总价,10500,
珊瑚海AKA生活广场,,,[滨海新区]  生态城旅游区海博道与明盛路交口,[滨海新区],文旅地产,低总价,小户型,不限购,19000,
赛恩AI国际,,,[滨海新区]  高新区海泰大道18号,[滨海新区],总部园区,企业独栋,不限购,复合地产,12000,
蓟州中德绿色公元,三居 ,87~113平米,[蓟州]  知行路蓟州中学东侧,[蓟州],普通住宅,洋房,低密居所,花园洋房,12000,108万元/套起(总价)
京能雍清丽苑二期,一居/ 二居/ 三居/ 四居 ,64~165平米,"[武清]  东侧是新安路,西侧是新开路,南侧为光...",[武清],普通住宅,商业,品牌地产,低密居所,19500,125万元/套起(总价)
新城泊阅,二居/ 三居 ,85~115平米,[宝坻]  宝平公路与安成街交口 十中东侧,[宝坻],普通住宅,商业,品牌地产,低密居所,13600,116万元/套起(总价)
天地源・熙樾湾,三居 ,101~126平米,[滨海新区]  海河南路与海畅路交口,[滨海新区],普通住宅,品牌地产,现房,花园洋房,13200,120万元/套起(总价)
宝境棠棣家园,二居/ 三居 ,88~118平米,[宝坻]  进京路路与田场路交口,[宝坻],普通住宅,低总价,小户型,现房,11400,105万元/套(总价)
百仁公馆,,,"[静海]  国际商贸物流园内,紧邻津沧高速收费站",[静海],宜居生态地产,低密居所,,,14000,
天骥智谷商务花园,,,[东丽]  津汉公路与东丽湖路交口,[东丽],地铁沿线,复合地产,总部园区,,价格待定,
七里香格,一居/ 二居/ 四居 ,59~222平米,[宁河]  潘庄镇津榆线(滨保高速潘庄出口往南2...,[宁河],普通住宅,叠拼,文旅地产,低总价,6800,38万元/套起(总价)
旺城温莎郡,四居 ,304~337平米,[宝坻]  潮阳大道与宝平路交口南行500米,[宝坻],普通住宅,低总价,特色别墅,豪华居住区,550,
金座壹号象铎惠澜商业广场,,,[滨海新区]  中部新城银河二路以西与金岸三道以北,[滨海新区],低总价,不限购,创意地产,,价格待定,
中海寰宇时代商业,,,[河西]  新梅江解放南路与渌水道交口,[河西],品牌地产,地铁沿线,低总价,不限购,50000,
万国城,,,[滨海新区]  生态城和意路与和畅路交口,[滨海新区],商业街,不限购,现房,,30000,
海湾财富中心,,,[滨海新区]  黄浦江道与渤海十路交口,[滨海新区],写字楼商铺,复合地产,,,14000,
中交C谷,,,"[滨海新区]  南至乐山道,北至规划路,西至欧洲路,...",[滨海新区],品牌地产,loft,,,13500,
新业公馆,,,[东丽]  地铁9号线东丽开发区站南侧(新业广场...,[东丽],购物中心,地铁沿线,经济住宅,低总价,价格待定,
津门少年强,,,[河西]  解放南路与小围堤道交汇处,[河西],地铁沿线,,,,25000,
中建锦苑商业街,,,"[滨海新区]  塘沽湾(东至国丰路,南至津泰道,西至...",[滨海新区],不限购,,,,19000,
观澜文苑,二居/ 三居/ 四居 ,85~165平米,[蓟州]  蓟州街与清水路交口,[蓟州],普通住宅,品牌地产,低密居所,小户型,12320,105万元/套起(总价)
荣尚雅筑,,,"[北辰]  双青西北角(外环边,双青生态公园北面...",[北辰],普通住宅,经济住宅,低总价,小户型,价格待定,
中建城商铺,,,[滨海新区]  塘沽国兴路与津泰道交口,[滨海新区],住宅底商,品牌地产,低总价,小户型,23500,
天齐国际广场,,,[滨海新区]  响螺湾c-06,[滨海新区],酒店写字楼,复合地产,酒店式公寓,,13000,
碧桂园星河park,,,[静海]  团泊新城西区团泊大道与北华北路交口,[静海],品牌地产,loft,,,40,
季景峰阁商铺,,,[滨海新区]  中新生态城和风路与和畅路交口,[滨海新区],低总价,小户型,不限购,,31000,
京津智汇广场,,,[武清]  高村镇学院道南侧,[武清],创意地产,,,,17000,
建投怡港荟,,,[滨海新区] 欣津道建投怡港荟,,普通住宅,洋房,,,12000,45万元/套起(总价)
印象青秀湾,二居/ 三居 ,88~140平米,[宝坻]  西环路与北城西路交口,[宝坻],普通住宅,低总价,低密居所,景观居所,11000,82万元/套起(总价)
金侨锦公馆,二居/ 三居 ,75~97平米,[北辰]  产城融合示范区双明路与双海道交叉口,[北辰],普通住宅,洋房,品牌地产,低密居所,65,
四季华府,二居/ 三居 ,80~105平米,"[宝坻]  津围线以东,铸华路与龙尾屯道交口",[宝坻],普通住宅,洋房,品牌地产,低密居所,6800,56万元/套起(总价)
华勘府,,,[河东] 河东区沙柳南路以东、茅山道以北,,普通住宅,商业,地铁沿线,,价格待定,
和兴万乐汇,,,[滨海新区]  港东六道与海景七路交口,[滨海新区],购物中心,低总价,,,25000,
中街商业广场,一居 ,380~820平米,[东丽]  军粮城示范镇景怡道与富贵路交口,[东丽],不限购,,,,15000,
爱琴海潮天街,,,[滨海新区]  生态城景盛路与川博道交口,[滨海新区],品牌地产,低总价,,,100,
启航精英公馆,一居 ,81平米,[南开]  东马路与南马路交口西北侧,[南开],地铁沿线,不限购,城市中心地产,,32000,
辰华园,,,[北辰] 北辰 天津市北辰区双街镇双辰北路东侧,,,,,,价格待定,
南城时光,二居/ 三居 ,93~143平米,[宝坻]  政远路与嘉禾街交汇处,[宝坻],普通住宅,洋房,低密居所,花园洋房,14000,130万元/套起(总价)
路劲壹栋岛,,,[东丽]  祁连路与满江东道交口,[东丽],,,,,21000,
华星南城印巷,,,[津南]  南八里台镇津港公路与百万路交口(捷世...,[津南],不限购,,,,17000,
东澳广场写字楼,,,[武清]  下朱庄街京津公路东侧,[武清],标准写字楼,不限购,,,19000,
雍鑫泽华中心,,,[武清]  建设南路与富民路交口,[武清],复合地产,,,,17000,
盛耀悦公馆,二居/ 三居 ,85~100平米,[北辰]  双川道与双辰中路交口,[北辰],普通住宅,商业,低密居所,花园洋房,15500,119万元/套起(总价)
盘龙悦城,,,[蓟州] 蓟州区宝平公路东50米,,普通住宅,,,,价格待定,
融创精彩天地,,,[东丽]  津滨大道北侧,[东丽],品牌地产,不限购,复合地产,地铁沿线,价格待定,
东丽湖万科城商铺,,,[东丽]  情景大道,[东丽],品牌地产,经济住宅,低总价,湖景地产,15000,
九策南奥雅居,,,[西青]  卫津南路延长线上,[西青],地铁沿线,,,,14500,
启航苑,,,"[滨海新区] 大港油田港西新城庆丰路以北,爱国东里...",,普通住宅,,,,价格待定,
龙胤喜泰来商业中心,,,[宁河]  芦台镇商业道与金翠路交口,[宁河],不限购,,,,14737,
首创・新北京半岛|京津汇,,,[武清]  京津高速永乐店收费站前方1公里京津同...,[武清],市场类商铺,品牌地产,国际化社区,配套商品房,16000,
舜新城市广场,,,[津南]  小站镇正营道与前营路交口,[津南],不限购,,,,20000,
融创中心商铺,,,[南开]  红旗路278号,[南开],住宅底商,购物中心,品牌地产,地铁沿线,26000,
瑞丰广场,,,[武清]  杨村新城泉州北路与光明路交口,[武清],不限购,,,,16000,
威尼都・热点,,,[武清]  前进道与翠通路交汇处,[武清],文旅地产,低总价,小户型,不限购,12500,
富兴大观,,,[武清]  下朱庄信义道与广聚路交口,[武清],商住公寓,大平层,低密居所,低总价,8500,272万元/套起(总价)
海岚大厦,,,[静海]  联盟路与静文路交口,[静海],,,,,价格待定,
盛景悦湖,一居/ 二居/ 三居 ,58~133平米,"[北辰]  开发区管委会对面,永进道与滨湖路交界...",[北辰],普通住宅,经济住宅,低总价,小户型,10500,57万元/套起(总价)
大境摩尔汇,,,[宝坻]  潮阳大道与开元路交口,[宝坻],购物中心,商业,品牌地产,不限购,11000,
半湾ONE27,,,[北辰]  双街镇双进道路南,[北辰],品牌地产,不限购,,,18000,
大唐印象荟,,,[东丽]  裕和路与弘顺东道交口处东北侧,[东丽],品牌地产,不限购,,,8200,
汇达大厦,,,[滨海新区] 天津市开发区广达街与三号路交口(地铁...,,,,,,价格待定,
华都微语城,二居/ 三居/ 四居 ,75~115平米,[宝坻]  威远路与西环路交口,[宝坻],普通住宅,洋房,花园洋房,景观居所,10000,84万元/套起(总价)
新城腾达东方,一居/ 二居/ 三居 ,45~90平米,[宝坻]  京津新城珠江大街与宝白路交口,[宝坻],普通住宅,品牌地产,经济住宅,低密居所,6500,30万元/套起(总价)
波士顿小镇,,,[津南]  大沽南路与洪泥河桥交口,[津南],品牌地产,,,,29000,
远洋红熙郡商街,,,[武清]  下朱庄广贤路与信义道交口,[武清],品牌地产,小户型,不限购,创意地产,8000,
汇盛明总部经济园,,,[津南]  咸水沽镇海河科技园聚兴道12号,[津南],现房,总部园区,,,8500,
