,户型,面积,楼层,总楼层,走向
0,2室1厅,105.53,低层,6,南向
1,2室2厅,117.58,低层,6,南向
2,2室2厅,117.58,低层,6,南北向
3,2室1厅,68.63,中层,14,南向
4,2室1厅,57.19,中层,6,南北向
5,2室1厅,122.26,高层,34,东南向
6,2室2厅,136.58,中层,8,南北向
7,1室1厅,38.38,中层,8,东西向
8,1室1厅,39.0,低层,7,南向
9,1室1厅,49.2,低层,10,南向
10,3室2厅,137.26,低层,33,南北向
11,1室1厅,47.38,中层,7,南向
12,3室2厅,145.74,中层,7,南北向
13,2室1厅,54.39,低层,6,南北向
14,3室2厅,147.61,中层,6,南北向
15,2室2厅,98.0,低层,18,南向
16,2室1厅,60.27,中层,8,南北向
17,3室1厅,107.6,低层,6,南北向
18,2室1厅,81.18,高层,6,南向
19,3室2厅,118.55,中层,28,南北向
20,2室1厅,57.07,高层,7,南北向
21,3室1厅,75.6,中层,5,南北向
22,3室2厅,181.0,高层,31,南北向
23,3室2厅,114.34,中层,31,南北向
24,2室2厅,104.8,中层,7,南北向
25,2室1厅,55.83,低层,6,南北向
26,1室1厅,21.27,低层,6,南向
27,3室2厅,87.0,低层,9,南北向
28,2室2厅,85.0,低层,18,南北向
29,3室2厅,89.81,低层,9,南北向
30,3室2厅,126.0,中层,6,南北向
31,1室0厅,29.0,顶层,2,东北向
32,2室1厅,70.0,高层,6,东北向
33,2室2厅,109.28,低层,8,南北向
34,4室2厅,183.29,中层,18,西北向
35,2室1厅,35.84,高层,8,东向
36,2室1厅,88.0,中层,9,南北向
37,3室2厅,89.0,高层,11,南北向
38,1室1厅,38.54,中层,6,南向
39,2室1厅,41.3,中层,8,南北向
40,3室2厅,117.0,低层,9,南北向
41,3室2厅,88.0,中层,8,南北向
42,3室2厅,134.65,中层,17,南北向
43,1室1厅,60.87,中层,10,南向
44,3室2厅,139.77,中层,8,南北向
45,3室2厅,109.0,高层,7,南北向
46,2室1厅,56.0,顶层,6,南北向
47,1室1厅,39.0,低层,7,南向
48,4室2厅,140.0,中层,32,南北向
49,3室1厅,66.0,中层,13,南北向
50,1室1厅,22.4,顶层,6,南向
51,2室1厅,68.45,低层,6,南北向
52,3室2厅,100.65,低层,6,南北向
53,3室2厅,115.0,中层,32,南北向
54,2室1厅,89.65,中层,7,南北向
55,3室2厅,88.0,中层,8,南北向
56,3室2厅,140.0,低层,9,南北向
57,3室2厅,176.65,中层,29,南北向
58,3室2厅,116.0,中层,10,南北向
59,3室2厅,95.0,中层,11,南北向
60,1室1厅,38.0,高层,7,南向
61,1室1厅,55.81,中层,30,东向
62,2室2厅,105.13,低层,7,南向
63,1室1厅,55.06,低层,30,东向
64,2室1厅,74.47,中层,30,北向
65,1室1厅,55.72,高层,30,南向
66,2室1厅,68.14,中层,30,北向
67,2室1厅,101.37,中层,6,南北向
68,2室1厅,108.37,低层,9,南北向
69,1室1厅,52.21,中层,30,北向
70,1室1厅,60.09,中层,21,东向
71,2室1厅,73.62,低层,6,南北向
72,2室1厅,67.23,高层,8,东西向
73,3室1厅,95.12,中层,11,南向
74,3室2厅,145.26,高层,12,南北向
75,2室1厅,117.86,高层,13,南北向
76,2室2厅,82.45,中层,48,西向
77,2室1厅,121.05,中层,12,南北向
78,3室2厅,50.41,高层,24,东向
79,4室2厅,137.35,高层,33,西北向
80,2室2厅,121.05,低层,12,南北向
81,2室1厅,41.71,中层,8,东向
82,2室1厅,53.83,低层,7,东南向
83,2室1厅,53.59,高层,8,南向
84,2室1厅,148.8,中层,11,南向
85,2室2厅,121.94,低层,12,南北向
86,2室1厅,106.4,低层,8,南北向
87,2室1厅,89.74,低层,33,南向
88,2室2厅,83.88,中层,48,西向
89,2室1厅,83.88,中层,48,东南向
90,2室1厅,40.51,中层,8,北向
91,3室2厅,121.94,低层,12,南向
92,2室2厅,107.11,中层,10,南北向
93,3室2厅,166.78,高层,18,南北向
94,2室2厅,117.7,高层,12,南北向
95,2室1厅,79.71,中层,21,东向
96,2室1厅,73.23,高层,48,西南向
97,3室2厅,135.17,低层,9,南北向
98,2室1厅,104.45,高层,33,南向
99,2室1厅,58.9,低层,6,南北向
100,2室1厅,84.79,中层,7,南北向
101,3室2厅,174.28,中层,15,南北向
102,1室1厅,52.21,中层,30,北向
103,2室2厅,114.14,中层,19,南北向
104,2室1厅,124.29,中层,25,南北向
105,1室1厅,36.65,高层,7,西向
106,2室2厅,119.84,中层,13,南北向
107,2室1厅,58.82,低层,6,南北向
108,2室2厅,114.37,高层,11,南北向
109,1室1厅,42.14,中层,6,南向
110,2室1厅,89.01,中层,33,南向
111,2室1厅,89.74,中层,33,南向
112,3室2厅,50.27,中层,24,东向
113,1室1厅,34.93,中层,7,西向
114,2室1厅,79.71,低层,21,西北向
115,2室1厅,35.97,中层,8,东向
116,3室2厅,153.08,低层,18,南北向
117,2室1厅,117.7,高层,12,南北向
118,2室1厅,107.96,中层,11,南北向
119,3室2厅,107.57,中层,8,东北向
120,2室1厅,104.62,高层,6,南北向
121,2室1厅,113.83,低层,11,南北向
122,3室2厅,133.03,低层,11,南北向
123,2室2厅,93.66,低层,33,南北向
124,2室1厅,76.93,低层,18,南北向
125,2室2厅,109.28,低层,8,南北向
126,2室2厅,104.41,高层,11,南北向
127,3室2厅,165.77,高层,18,南北向
128,2室1厅,57.03,中层,6,东南向
129,2室2厅,123.19,高层,11,东南向
130,2室1厅,111.96,高层,6,南北向
131,1室1厅,38.0,低层,6,东北向
132,3室2厅,155.06,高层,30,南北向
133,3室2厅,147.54,中层,7,南北向
134,2室2厅,111.47,低层,6,南北向
135,3室1厅,139.82,高层,7,南北向
136,2室1厅,47.63,中层,6,南北向
137,1室1厅,38.0,中层,6,北向
138,1室1厅,24.0,顶层,5,南向
139,1室0厅,25.44,高层,8,南向
140,2室1厅,38.56,高层,6,南北向
141,2室1厅,51.98,低层,6,南北向
142,2室2厅,122.24,中层,11,南北向
143,1室1厅,39.57,低层,7,南向
144,1室1厅,26.31,高层,8,南向
145,2室2厅,117.58,低层,6,南北向
146,3室2厅,151.61,中层,16,南向
147,2室1厅,39.76,低层,6,南北向
148,2室1厅,33.17,高层,7,南北向
149,3室2厅,121.0,低层,7,南北向
150,1室1厅,28.97,中层,8,南北向
151,3室1厅,75.41,低层,6,南向
152,2室1厅,44.11,高层,5,南向
153,3室2厅,89.5,低层,11,南北向
154,2室1厅,36.04,中层,6,南北向
155,1室0厅,20.0,低层,3,西南向
156,2室1厅,96.99,低层,6,南北向
157,2室1厅,87.05,低层,21,南向
158,2室1厅,105.53,低层,6,南北向
159,2室1厅,35.03,低层,6,南向
160,2室0厅,30.54,中层,5,东南向
161,4室2厅,230.25,高层,12,南北向
162,2室1厅,61.51,低层,6,南北向
163,1室1厅,33.68,高层,7,北向
164,2室1厅,52.73,中层,6,东西向
165,2室2厅,136.94,低层,32,南北向
166,1室1厅,43.99,高层,7,西向
167,2室2厅,102.35,高层,6,南北向
168,1室0厅,20.24,中层,5,南向
169,1室1厅,39.56,中层,8,南向
170,3室2厅,225.64,高层,30,南向
171,3室1厅,122.53,高层,6,东南向
172,2室1厅,85.22,中层,6,南北向
173,3室2厅,142.15,中层,18,东南向
174,4室2厅,142.0,低层,18,南北向
175,1室0厅,21.2,高层,5,西向
176,2室2厅,185.64,高层,7,东西向
177,2室1厅,66.84,低层,8,东西向
178,2室1厅,112.45,中层,25,南向
179,2室2厅,100.81,顶层,26,南北向
180,2室1厅,80.0,低层,11,南北向
181,2室2厅,106.59,高层,13,东西向
182,4室2厅,161.54,高层,7,南北向
183,2室2厅,98.98,低层,16,南北向
184,3室2厅,89.81,低层,9,南北向
185,3室1厅,125.54,高层,6,南北向
186,2室2厅,92.0,中层,26,南北向
187,2室2厅,137.9,低层,23,南北向
188,1室1厅,35.08,高层,7,南向
189,2室1厅,101.59,高层,8,东西向
190,1室0厅,17.0,顶层,6,南北向
191,1室0厅,20.04,高层,6,南北向
192,3室2厅,143.0,中层,28,南北向
193,2室1厅,122.92,中层,12,南北向
194,1室1厅,34.69,中层,6,南北向
195,1室1厅,32.04,中层,6,南向
196,1室1厅,38.71,高层,6,西向
197,1室1厅,30.0,中层,6,南向
198,2室2厅,108.34,中层,7,南北向
199,3室2厅,174.56,高层,14,南北向
200,1室1厅,35.23,高层,6,北向
201,3室2厅,109.0,低层,7,南北向
202,2室1厅,35.84,低层,8,东向
203,3室2厅,143.01,高层,10,南北向
204,3室2厅,140.92,中层,7,南北向
205,2室1厅,62.0,中层,4,南北向
206,2室2厅,87.0,低层,32,南北向
207,3室2厅,137.0,中层,25,南向
208,1室1厅,36.26,低层,6,西向
209,3室1厅,109.97,中层,8,南北向
210,1室1厅,39.85,中层,8,东南向
211,2室1厅,21.85,中层,8,东向
212,3室1厅,84.13,中层,4,南北向
213,1室1厅,27.38,中层,6,南向
214,3室1厅,124.53,低层,11,南北向
215,2室1厅,101.33,低层,6,南北向
216,2室1厅,37.88,中层,8,南北向
217,3室2厅,109.25,高层,6,南北向
218,3室2厅,87.0,低层,9,南北向
219,2室2厅,87.72,高层,32,南北向
220,2室1厅,83.0,中层,6,南北向
221,1室1厅,23.51,顶层,6,南向
222,2室1厅,44.0,顶层,6,东西向
223,3室1厅,75.0,中层,13,南北向
224,3室1厅,68.0,中层,13,南北向
225,3室1厅,105.0,中层,20,南北向
226,1室1厅,31.34,高层,7,南向
227,3室2厅,89.32,高层,7,南北向
228,1室1厅,30.0,高层,6,南向
229,1室1厅,26.2,中层,6,南向
230,1室0厅,13.88,高层,5,南向
231,1室1厅,22.4,顶层,6,南向
232,2室1厅,68.15,低层,24,南向
233,1室0厅,11.95,中层,4,北向
234,1室0厅,26.04,中层,5,南向
235,3室2厅,137.0,中层,25,南向
236,2室1厅,40.02,中层,8,南北向
237,2室1厅,105.35,高层,10,南北向
238,1室1厅,15.0,顶层,2,东西南北向
239,1室1厅,14.54,顶层,6,南向
240,2室1厅,68.54,中层,6,东西向
241,2室1厅,35.14,中层,5,南北向
242,1室1厅,27.11,低层,7,南向
243,2室1厅,84.91,中层,7,南北向
244,2室1厅,39.71,顶层,6,南向
245,1室1厅,22.66,中层,5,东向
246,2室2厅,96.29,低层,6,南北向
247,1室1厅,36.0,中层,6,南北向
248,3室2厅,118.0,高层,20,南向
249,1室0厅,15.13,高层,7,西向
250,1室1厅,25.91,高层,4,南向
251,2室1厅,91.14,中层,7,南北向
252,2室2厅,132.25,低层,9,南北向
253,1室1厅,32.98,低层,6,南向
254,1室1厅,48.71,低层,10,东向
255,3室2厅,151.41,中层,12,南北向
256,1室1厅,35.92,高层,8,南向
257,2室1厅,60.5,高层,6,东西向
258,1室1厅,33.66,高层,6,南向
259,1室1厅,37.32,中层,8,北向
260,1室1厅,37.38,中层,8,东向
261,1室1厅,49.85,低层,10,西向
262,2室1厅,64.1,中层,8,南北向
263,2室1厅,49.34,低层,10,北向
264,2室1厅,48.67,高层,6,东西向
265,1室1厅,41.96,高层,6,西向
266,3室2厅,170.9,低层,9,南北向
267,3室1厅,128.49,中层,11,西北向
268,1室1厅,53.46,高层,14,北向
269,1室1厅,36.89,中层,8,南向
270,2室1厅,74.15,高层,7,南北向
271,1室1厅,38.0,低层,8,南向
272,1室1厅,39.03,低层,8,南向
273,1室1厅,35.79,高层,8,东向
274,1室1厅,48.51,中层,22,东北向
275,1室1厅,35.17,中层,8,北向
276,1室1厅,38.09,中层,8,东向
277,3室1厅,108.91,高层,6,南北向
278,2室1厅,64.9,顶层,5,东南向
279,1室1厅,48.83,中层,10,南向
280,1室1厅,38.51,低层,6,南向
281,2室1厅,68.85,中层,8,南北向
282,1室1厅,38.96,中层,8,南向
283,2室1厅,59.14,中层,8,南北向
284,2室1厅,58.05,低层,6,东西向
285,3室1厅,122.53,高层,6,东南向
286,2室1厅,70.15,中层,10,东西向
287,1室1厅,49.2,低层,10,南向
288,1室1厅,36.93,中层,7,南向
289,1室1厅,35.63,中层,7,南向
290,1室1厅,37.43,高层,8,北向
291,1室1厅,49.2,中层,10,东向
292,1室1厅,38.57,高层,8,东向
293,3室2厅,110.28,高层,7,南北向
294,2室1厅,58.89,中层,6,南北向
295,2室1厅,55.23,高层,14,北向
296,1室1厅,36.87,中层,8,东向
297,1室1厅,35.87,高层,8,西向
298,2室1厅,67.8,顶层,5,东南向
299,1室1厅,49.2,高层,10,南向
300,2室1厅,72.06,高层,6,南向
301,2室1厅,65.0,顶层,5,东南向
302,2室1厅,112.84,中层,11,南向
303,1室1厅,36.11,中层,8,东向
304,1室1厅,35.08,中层,8,北向
305,2室1厅,49.48,中层,10,北向
306,1室1厅,36.73,高层,6,东向
307,2室1厅,84.88,中层,7,南北向
308,4室2厅,201.28,中层,5,南北向
309,3室2厅,89.85,中层,15,南北向
310,3室1厅,84.8,中层,24,南向
311,1室1厅,38.78,高层,7,东向
312,1室1厅,51.65,中层,14,南向
313,1室1厅,34.93,中层,7,东向
314,2室1厅,56.08,中层,7,南北向
315,2室2厅,116.18,低层,12,南北向
316,3室1厅,152.21,中层,8,南北向
317,1室1厅,50.38,低层,10,南向
318,1室1厅,36.19,中层,8,南向
319,1室1厅,49.01,高层,10,西向
320,2室1厅,57.12,中层,6,东南向
321,2室1厅,106.59,低层,13,东西向
322,3室2厅,144.64,低层,11,南北向
323,2室1厅,54.78,高层,6,东西向
324,4室2厅,164.57,中层,9,西北向
325,2室1厅,86.94,中层,32,东南向
326,1室1厅,35.19,高层,8,西向
327,2室1厅,75.87,低层,11,南北向
328,2室1厅,124.09,高层,25,南向
329,1室1厅,49.2,低层,10,南向
330,2室2厅,105.95,高层,9,南北向
331,2室2厅,123.91,中层,6,南北向
332,2室1厅,54.41,中层,8,东向
333,1室1厅,54.06,高层,26,南向
334,2室1厅,80.7,中层,32,南向
335,1室1厅,55.92,中层,14,北向
336,2室2厅,124.47,高层,15,东西向
337,3室2厅,129.42,中层,7,南北向
338,3室2厅,89.85,中层,15,南北向
339,2室1厅,56.61,中层,6,南北向
340,2室2厅,85.7,低层,28,南北向
341,2室1厅,106.84,中层,6,南北向
342,2室1厅,105.22,中层,23,南向
343,1室1厅,57.1,中层,32,南向
344,1室1厅,56.28,中层,48,东向
345,1室1厅,51.94,高层,6,南向
346,3室2厅,152.97,中层,9,西南向
347,2室1厅,61.52,中层,6,南北向
348,2室1厅,95.38,高层,11,南向
349,2室1厅,99.4,中层,6,南北向
350,2室1厅,59.62,低层,7,南北向
351,3室2厅,94.35,低层,7,南向
352,1室1厅,37.18,高层,7,东向
353,2室1厅,110.17,高层,12,南北向
354,2室1厅,97.2,中层,30,南北向
355,2室1厅,95.69,低层,6,南北向
356,3室1厅,106.59,中层,13,东西向
357,1室1厅,44.0,中层,6,东向
358,2室1厅,61.78,高层,6,南北向
359,3室1厅,122.67,高层,26,南北向
360,2室1厅,58.8,高层,7,南北向
361,3室2厅,141.0,低层,7,南北向
362,2室1厅,54.1,中层,8,东向
363,2室1厅,89.35,高层,16,西南向
364,5室2厅,270.58,高层,7,南北向
365,3室2厅,141.87,高层,11,东南向
366,3室1厅,77.97,低层,6,南北向
367,1室0厅,15.0,高层,5,南向
368,3室1厅,99.76,低层,34,南北向
369,2室1厅,96.99,低层,6,南北向
370,3室1厅,96.87,中层,17,南向
371,1室1厅,62.95,低层,21,西向
372,2室2厅,111.61,高层,9,南北向
373,2室2厅,108.34,低层,48,南向
374,2室2厅,99.31,低层,13,南北向
375,3室2厅,134.38,低层,9,南北向
376,3室1厅,124.47,低层,15,东西向
377,2室1厅,68.46,高层,8,西向
378,2室2厅,94.47,高层,18,东南向
379,2室1厅,60.0,高层,6,南北向
380,2室1厅,56.81,低层,7,南北向
381,2室1厅,48.69,中层,8,东向
382,1室1厅,31.16,高层,8,东向
383,2室2厅,80.0,中层,20,南北向
384,3室1厅,81.04,顶层,6,南北向
385,1室1厅,57.62,低层,32,南北向
386,2室1厅,40.58,高层,6,南北向
387,2室1厅,68.62,中层,8,南北向
388,3室1厅,111.82,高层,16,南北向
389,2室2厅,102.34,低层,6,南北向
390,3室2厅,139.97,低层,18,西北向
391,1室1厅,58.79,低层,6,南向
392,1室1厅,32.73,中层,7,南向
393,4室2厅,224.13,中层,31,南北向
394,1室1厅,38.75,中层,7,东南向
395,4室2厅,199.82,中层,11,南向
396,1室1厅,37.02,高层,7,东向
397,2室1厅,116.44,中层,25,南向
398,2室1厅,59.81,中层,6,南北向
399,2室2厅,85.08,低层,26,南向
400,1室1厅,51.81,高层,48,西向
401,3室2厅,191.0,中层,18,南北向
402,3室2厅,117.21,低层,29,南北向
403,3室2厅,99.49,中层,7,南向
404,1室1厅,37.0,高层,8,西向
405,1室1厅,46.86,中层,6,东南向
406,1室1厅,50.34,中层,7,南向
407,3室2厅,105.5,低层,18,南北向
408,3室2厅,162.89,中层,11,南北向
409,2室1厅,99.4,中层,6,南北向
410,3室2厅,94.15,中层,26,南北向
411,1室1厅,33.97,中层,7,东向
412,4室2厅,190.92,高层,11,南北向
413,2室1厅,57.83,高层,7,南向
414,2室1厅,69.92,高层,32,西南向
415,1室1厅,48.78,中层,6,南向
416,2室1厅,65.47,高层,5,南北向
417,2室2厅,85.7,低层,28,南北向
418,2室1厅,79.71,低层,21,东南向
419,2室1厅,106.59,中层,13,西向
420,2室2厅,81.99,中层,6,南北向
421,2室1厅,77.27,中层,6,南北向
422,2室1厅,69.8,中层,32,东南向
423,3室2厅,162.5,中层,8,南北向
424,2室1厅,40.59,高层,7,南向
425,2室1厅,57.24,中层,7,南北向
426,4室2厅,223.19,高层,6,南北向
427,1室1厅,53.92,低层,30,西向
428,2室1厅,89.26,高层,27,南北向
429,3室2厅,57.88,低层,24,南向
430,1室1厅,56.0,中层,48,西向
431,1室1厅,60.09,中层,21,东向
432,2室2厅,102.25,高层,9,南北向
433,2室1厅,42.91,高层,7,南北向
434,2室1厅,105.53,低层,6,南北向
435,2室1厅,74.51,高层,6,南北向
436,3室1厅,107.6,低层,6,南北向
437,2室2厅,95.99,中层,11,南北向
438,2室2厅,98.65,高层,25,南向
439,3室2厅,95.07,中层,7,南北向
440,3室2厅,119.87,顶层,7,南北向
441,2室1厅,108.31,低层,16,南北向
442,1室1厅,51.65,低层,14,南向
443,2室1厅,90.28,高层,6,南北向
444,1室1厅,36.08,中层,7,西向
445,2室1厅,91.0,中层,6,南北向
446,3室2厅,153.24,中层,11,南北向
447,2室1厅,59.81,高层,6,南北向
448,3室2厅,112.0,低层,7,南北向
449,2室1厅,79.71,中层,21,西北向
450,2室2厅,85.53,中层,25,南北向
451,2室1厅,49.41,中层,6,南北向
452,3室2厅,106.25,高层,7,南北向
453,3室1厅,78.62,中层,6,南北向
454,2室1厅,83.96,低层,30,南向
455,1室1厅,41.63,高层,6,西向
456,2室2厅,124.47,中层,15,东西向
457,2室1厅,56.18,低层,6,南北向
458,2室2厅,85.63,低层,6,南向
459,2室1厅,96.32,高层,6,东西向
460,2室2厅,108.1,中层,8,南北向
461,3室2厅,117.62,低层,11,南北向
462,2室1厅,104.86,高层,6,南北向
463,2室1厅,84.38,高层,28,南向
464,1室1厅,24.34,高层,6,南向
465,2室2厅,114.37,高层,11,南北向
466,1室1厅,25.43,中层,7,东向
467,2室1厅,49.36,中层,7,西向
468,3室2厅,114.28,高层,11,南向
469,1室1厅,37.93,顶层,6,南向
470,2室2厅,117.58,低层,6,南北向
471,3室2厅,94.9,中层,11,南北向
472,1室1厅,48.83,高层,10,南向
473,4室2厅,183.31,中层,5,南北向
474,1室0厅,17.89,高层,4,南向
475,4室1厅,132.57,中层,5,南北向
476,2室1厅,79.71,高层,21,西北向
477,2室1厅,102.25,高层,9,南北向
478,1室1厅,40.88,低层,8,东向
479,3室2厅,142.86,低层,9,南北向
480,3室2厅,104.17,中层,16,南北向
481,3室2厅,97.59,中层,15,南向
482,3室2厅,140.27,中层,13,北向
483,3室2厅,152.33,高层,6,南向
484,1室1厅,45.32,低层,6,南向
485,2室1厅,98.0,中层,11,南北向
486,2室1厅,109.15,高层,18,南北向
487,2室1厅,70.68,中层,5,东西向
488,3室2厅,124.36,高层,7,南北向
489,3室1厅,97.14,低层,8,南北向
490,1室1厅,72.62,中层,48,东南向
491,1室1厅,34.93,中层,7,东向
492,3室2厅,144.02,高层,28,南北向
493,3室1厅,134.13,中层,18,南北向
494,2室1厅,60.17,中层,6,西北向
495,2室1厅,122.36,低层,12,南北向
496,2室1厅,52.07,中层,6,西南向
497,1室1厅,35.97,高层,6,东北向
498,3室2厅,117.87,高层,11,南北向
499,2室1厅,45.35,低层,6,南北向
500,2室1厅,38.93,高层,6,南向
501,1室1厅,36.15,中层,6,西向
502,2室2厅,117.58,低层,6,南北向
503,2室2厅,89.44,高层,6,南向
504,4室2厅,123.38,中层,18,南北向
505,1室0厅,15.8,高层,5,南向
506,1室1厅,34.87,中层,7,西向
507,3室1厅,124.81,高层,7,南北向
508,2室2厅,87.0,高层,30,南向
509,2室1厅,104.91,低层,6,南北向
510,1室1厅,57.54,高层,32,西南向
511,2室1厅,60.68,中层,6,东西向
512,2室2厅,105.75,中层,6,南北向
513,1室1厅,32.04,低层,6,东南向
514,2室2厅,79.05,中层,24,南向
515,2室2厅,129.18,高层,11,南北向
516,2室1厅,79.71,高层,21,东南向
517,3室2厅,94.27,中层,21,南向
518,1室1厅,35.41,低层,7,东向
519,1室1厅,35.11,顶层,7,南向
520,2室1厅,64.92,低层,6,南北向
521,1室1厅,35.28,中层,8,西向
522,2室1厅,105.53,低层,6,南北向
523,2室1厅,86.94,低层,33,西南向
524,1室1厅,38.33,中层,8,东向
525,2室1厅,59.8,高层,8,南北向
526,3室2厅,122.08,中层,17,南北向
527,3室1厅,97.73,低层,11,南北向
528,1室1厅,57.67,中层,28,南北向
529,2室1厅,40.42,中层,6,南向
530,3室2厅,154.7,中层,28,西南向
531,1室1厅,33.03,中层,8,东向
532,2室1厅,56.92,中层,8,东向
533,1室1厅,36.11,高层,7,南向
534,2室2厅,97.61,中层,6,南北向
535,3室2厅,139.97,低层,18,南北向
536,3室2厅,88.85,低层,8,南北向
537,3室2厅,102.96,低层,6,南北向
538,1室1厅,57.03,高层,28,南向
539,3室2厅,142.87,高层,22,南北向
540,2室1厅,103.35,中层,10,南北向
541,2室2厅,117.33,低层,18,东南向
542,2室2厅,124.47,中层,15,东西向
543,2室2厅,118.0,中层,6,南向
544,2室1厅,35.82,低层,6,北向
545,2室1厅,51.88,低层,6,南向
546,3室2厅,105.4,低层,9,南北向
547,1室1厅,28.71,低层,6,南向
548,3室1厅,115.27,中层,16,南北向
549,3室1厅,95.16,中层,11,南北向
550,2室2厅,124.47,高层,15,东西向
551,2室1厅,84.76,中层,7,南北向
552,2室1厅,60.95,高层,6,南北向
553,3室2厅,123.52,中层,11,南向
554,1室1厅,56.01,低层,48,东向
555,3室2厅,151.23,高层,10,南北向
556,3室1厅,205.09,高层,8,南北向
557,2室1厅,95.0,高层,6,南北向
558,2室1厅,104.0,顶层,6,南北向
559,2室1厅,72.16,高层,11,东向
560,1室1厅,50.95,中层,20,南北向
561,3室2厅,151.03,高层,25,南北向
562,2室2厅,88.44,高层,7,南北向
563,1室1厅,40.09,中层,7,南向
564,3室2厅,159.0,高层,16,南向
565,3室1厅,89.1,高层,8,南向
566,3室2厅,219.66,中层,5,南北向
567,1室0厅,25.9,高层,5,南北向
568,3室2厅,120.0,顶层,12,南北向
569,3室2厅,90.0,中层,26,南北向
570,3室2厅,144.0,顶层,12,南北向
571,2室1厅,89.84,中层,27,南北向
572,4室2厅,140.95,中层,15,南北向
573,3室1厅,110.61,中层,28,南北向
574,2室1厅,67.23,高层,8,东西向
575,2室1厅,68.85,中层,8,南北向
576,2室2厅,95.1,高层,8,南北向
577,2室2厅,96.56,中层,15,南北向
578,2室1厅,78.0,中层,18,南向
579,3室2厅,96.22,低层,18,南北向
580,4室2厅,164.47,中层,17,南北向
581,2室1厅,48.75,高层,7,南北向
582,2室1厅,49.37,高层,8,南向
583,2室2厅,113.35,中层,11,南北向
584,3室1厅,199.23,中层,7,南北向
585,3室2厅,130.0,低层,28,南北向
586,2室2厅,88.0,低层,33,南北向
587,1室0厅,17.63,中层,5,南向
588,3室2厅,163.57,中层,14,南北向
589,4室2厅,114.45,中层,18,南北向
590,1室1厅,42.92,顶层,7,西向
591,2室1厅,80.64,中层,18,南向
592,2室2厅,91.5,中层,8,南北向
593,3室2厅,121.0,高层,8,南北向
594,3室1厅,174.76,低层,12,东南向
595,2室2厅,85.0,高层,6,南北向
596,2室1厅,48.69,中层,8,东向
597,3室2厅,114.3,低层,25,南北向
598,3室2厅,99.0,低层,18,南北向
599,2室2厅,106.72,高层,6,南北向
600,3室2厅,90.51,高层,8,南北向
601,2室1厅,80.57,中层,14,东南向
602,3室2厅,105.0,顶层,18,南北向
603,1室1厅,38.0,中层,6,北向
604,2室1厅,85.2,中层,22,南向
605,3室2厅,118.0,低层,11,南北向
606,3室2厅,144.3,高层,7,南北向
607,2室1厅,29.54,中层,8,南向
608,2室2厅,117.58,低层,6,南北向
609,1室1厅,42.41,高层,6,南向
610,1室1厅,84.16,中层,27,南向
611,2室1厅,104.17,中层,6,南北向
612,2室1厅,40.51,中层,8,北向
613,3室2厅,134.19,中层,8,南北向
614,2室1厅,85.68,高层,14,北向
615,3室2厅,89.54,低层,9,南北向
616,1室1厅,50.0,高层,29,北向
617,2室1厅,56.43,低层,8,东向
618,2室1厅,75.53,中层,6,南北向
619,3室2厅,115.0,中层,17,南北向
620,3室2厅,159.34,高层,21,南北向
621,1室1厅,61.71,中层,26,南向
622,3室1厅,159.68,中层,24,南北向
623,3室1厅,135.26,中层,16,南北向
624,3室1厅,96.53,中层,18,南北向
625,2室2厅,92.63,低层,6,南北向
626,3室2厅,96.82,高层,18,南北向
627,2室1厅,69.67,顶层,7,东南向
628,2室1厅,77.53,中层,41,东南向
629,3室2厅,143.53,低层,17,南北向
630,3室2厅,139.7,中层,12,南向
631,2室2厅,92.0,高层,8,南北向
632,3室2厅,99.03,高层,33,南北向
633,4室2厅,175.88,高层,17,南北向
634,2室1厅,52.0,高层,5,南北向
635,2室2厅,94.33,中层,11,南北向
636,4室2厅,173.34,低层,27,南北向
637,2室1厅,57.0,高层,6,南北向
638,3室2厅,110.57,中层,11,南向
639,1室1厅,36.53,高层,8,东向
640,1室1厅,31.34,高层,7,南向
641,2室2厅,108.34,中层,7,南北向
642,2室1厅,91.55,低层,6,南北向
643,3室2厅,93.66,低层,11,南北向
644,1室1厅,42.76,中层,8,西向
645,2室1厅,80.0,低层,28,南北向
646,2室2厅,99.18,中层,15,南北向
647,2室1厅,106.51,中层,7,南北向
648,3室2厅,125.39,中层,10,南北向
649,2室1厅,45.69,中层,8,北向
650,2室1厅,40.59,高层,7,南向
651,3室2厅,147.87,顶层,11,南向
652,3室2厅,129.38,高层,21,南北向
653,3室2厅,162.51,高层,17,南向
654,1室1厅,59.0,顶层,33,南北向
655,2室2厅,99.51,中层,18,南北向
656,3室1厅,122.76,高层,13,南北向
657,3室2厅,143.87,高层,7,南北向
658,2室1厅,91.47,高层,6,南北向
659,3室2厅,138.42,中层,17,南北向
660,4室2厅,137.0,低层,6,南北向
661,1室1厅,49.29,中层,29,北向
662,2室2厅,81.89,低层,8,南向
663,1室0厅,26.44,高层,5,南向
664,3室2厅,119.58,中层,5,南北向
665,2室1厅,79.85,中层,32,南向
666,2室1厅,102.43,低层,6,南北向
667,2室1厅,52.95,低层,6,南北向
668,3室2厅,160.34,中层,26,南北向
669,3室1厅,146.01,中层,28,南北向
670,3室2厅,135.01,低层,15,南北向
671,3室2厅,137.6,顶层,24,南北向
672,2室2厅,105.13,低层,7,南北向
673,3室2厅,128.39,中层,17,南北向
674,2室1厅,101.58,低层,11,南北向
675,3室2厅,226.44,高层,24,南北向
676,2室2厅,88.24,中层,17,南北向
677,2室0厅,91.54,低层,27,南向
678,2室1厅,102.69,高层,14,南向
679,1室1厅,52.08,高层,48,东向
680,2室2厅,102.35,高层,6,南北向
681,4室2厅,137.0,中层,7,南北向
682,2室1厅,51.08,高层,6,西向
683,2室1厅,94.01,中层,6,南北向
684,2室2厅,75.37,低层,32,东向
685,2室2厅,113.42,高层,6,南北向
686,3室1厅,100.06,低层,6,南北向
687,2室2厅,115.46,低层,11,南北向
688,2室1厅,63.0,低层,6,南北向
689,3室2厅,147.61,中层,6,南北向
690,2室1厅,88.04,中层,32,南向
691,3室2厅,102.0,顶层,18,南北向
692,3室2厅,136.18,低层,6,南北向
693,2室1厅,37.95,顶层,5,南向
694,3室2厅,127.56,中层,16,南北向
695,3室2厅,105.5,低层,25,南北向
696,3室2厅,120.07,中层,7,南北向
697,2室1厅,57.0,低层,6,南北向
698,1室1厅,72.88,低层,6,南向
699,1室0厅,21.93,中层,6,东向
700,1室0厅,24.36,低层,6,西北向
701,2室1厅,68.0,高层,29,南向
702,3室2厅,138.91,顶层,10,南北向
703,3室2厅,109.68,高层,10,南北向
704,2室1厅,85.68,低层,6,南北向
705,3室2厅,107.29,中层,18,南北向
706,1室1厅,45.76,高层,8,西向
707,2室2厅,98.79,低层,10,南北向
708,2室1厅,101.08,中层,16,南北向
709,3室2厅,153.69,高层,26,南北向
710,2室2厅,87.0,高层,32,南北向
711,2室1厅,78.31,低层,6,南北向
712,2室1厅,70.15,中层,33,南北向
713,2室2厅,84.89,低层,18,南向
714,3室2厅,89.0,中层,17,南北向
715,3室2厅,91.53,高层,27,南北向
716,1室1厅,37.35,中层,6,西南向
717,3室2厅,141.88,中层,18,南北向
718,4室2厅,242.88,高层,30,南北向
719,2室1厅,105.44,高层,6,南北向
720,1室1厅,40.74,中层,6,南向
721,3室2厅,126.63,高层,24,南北向
722,3室2厅,139.34,高层,18,南北向
723,3室2厅,118.55,中层,28,东向
724,2室1厅,89.7,低层,22,南北向
725,2室1厅,57.36,中层,5,南北向
726,3室2厅,135.0,中层,10,南北向
727,3室2厅,105.0,低层,22,南北向
728,3室2厅,133.0,中层,7,南北向
729,1室1厅,56.05,高层,29,南向
730,1室1厅,14.0,高层,8,南向
731,3室2厅,143.89,低层,17,南北向
732,3室1厅,97.45,低层,24,南北向
733,1室1厅,25.94,顶层,6,南北向
734,1室1厅,47.27,高层,6,南向
735,1室1厅,19.68,高层,6,南向
736,3室2厅,142.61,中层,10,南北向
737,1室1厅,39.84,低层,7,东向
738,3室2厅,120.26,低层,11,南北向
739,2室1厅,108.07,低层,26,南北向
740,2室1厅,41.71,中层,8,东向
741,2室2厅,93.41,高层,5,南北向
742,2室1厅,82.21,中层,5,南向
743,4室2厅,149.0,高层,7,南北向
744,3室2厅,141.44,低层,7,南北向
745,2室1厅,123.87,中层,7,南北向
746,2室2厅,87.28,中层,18,南北向
747,3室2厅,146.0,低层,30,南北向
748,2室1厅,57.17,高层,5,南向
749,2室1厅,60.0,中层,6,南北向
750,1室1厅,58.32,高层,6,南向
751,2室1厅,88.66,高层,6,南北向
752,3室2厅,107.85,高层,6,南北向
753,2室1厅,86.4,低层,11,南北向
754,3室2厅,100.75,高层,33,南北向
755,3室2厅,130.0,低层,10,南向
756,4室2厅,149.0,中层,7,南北向
757,3室2厅,144.2,中层,4,南北向
758,3室2厅,107.83,低层,6,南北向
759,3室2厅,108.96,中层,7,南北向
760,3室2厅,121.44,中层,18,南北向
761,3室2厅,111.1,低层,27,南北向
762,2室1厅,60.51,顶层,6,东西向
763,1室1厅,37.08,高层,8,南向
764,2室1厅,57.0,高层,6,南北向
765,3室1厅,129.37,高层,16,南北向
766,3室2厅,119.0,高层,26,南北向
767,4室2厅,149.0,中层,7,南北向
768,2室1厅,67.58,高层,7,南北向
769,2室1厅,89.0,高层,10,南向
770,3室2厅,88.06,中层,18,南北向
771,2室0厅,30.54,中层,5,东南向
772,3室2厅,109.0,中层,7,南北向
773,2室1厅,51.48,高层,7,南北向
774,3室2厅,184.48,低层,7,南北向
775,4室2厅,176.46,中层,32,南北向
776,4室2厅,222.0,低层,25,南北向
777,2室1厅,56.77,高层,8,东向
778,4室2厅,144.0,高层,7,南北向
779,3室2厅,109.77,低层,33,南北向
780,4室2厅,199.0,中层,7,南北向
781,2室1厅,94.61,高层,15,南北向
782,1室1厅,60.96,中层,26,南向
783,2室2厅,88.0,顶层,12,南向
784,2室1厅,82.94,中层,22,南北向
785,3室2厅,129.0,低层,17,南北向
786,3室2厅,106.29,高层,7,南北向
787,3室2厅,125.77,低层,33,南北向
788,2室2厅,109.24,低层,13,南北向
789,3室2厅,89.93,低层,24,西北向
790,4室2厅,143.55,中层,7,南北向
791,2室1厅,94.4,高层,10,南北向
792,1室1厅,62.9,高层,29,东北向
793,2室1厅,87.59,高层,13,南北向
794,2室2厅,118.4,低层,9,南北向
795,3室2厅,90.87,高层,32,南向
796,2室1厅,90.91,高层,11,南北向
797,3室2厅,107.53,高层,26,南北向
798,3室2厅,97.8,中层,18,南北向
799,2室1厅,75.09,高层,6,南向
800,2室2厅,94.93,低层,9,南北向
801,2室1厅,99.66,中层,24,南北向
802,3室2厅,155.97,中层,5,东南向
803,2室2厅,84.35,中层,19,南北向
804,3室2厅,93.66,中层,11,南北向
805,2室1厅,109.21,高层,9,南北向
806,3室2厅,94.35,低层,7,南北向
807,3室2厅,142.34,中层,11,南北向
808,2室1厅,73.0,中层,6,南北向
809,3室2厅,182.34,中层,25,南北向
810,3室2厅,121.0,中层,8,南北向
811,3室2厅,154.7,低层,28,东南向
812,3室2厅,114.2,高层,25,南北向
813,3室2厅,107.35,中层,16,南北向
814,2室1厅,36.96,低层,6,南北向
815,2室1厅,46.0,顶层,6,南北向
816,3室2厅,140.0,中层,7,南北向
817,2室1厅,100.0,高层,6,南北向
818,1室0厅,21.5,中层,4,南向
819,3室1厅,110.94,高层,26,南向
820,1室1厅,57.02,中层,18,西南向
821,1室1厅,68.19,中层,32,北向
822,3室2厅,95.09,低层,11,南北向
823,3室2厅,125.0,顶层,12,南北向
824,2室2厅,115.96,高层,11,南北向
825,3室2厅,149.42,中层,28,南北向
826,2室2厅,82.0,低层,23,南北向
827,3室1厅,90.46,高层,8,南向
828,3室2厅,90.07,高层,24,南北向
829,2室1厅,84.87,中层,33,南向
830,2室1厅,61.8,中层,7,东西向
831,3室2厅,169.56,高层,16,南北向
832,3室2厅,122.76,中层,8,南向
833,3室2厅,125.77,低层,33,南北向
834,3室2厅,160.53,顶层,26,南北向
835,3室1厅,101.26,中层,7,南北向
836,1室1厅,40.0,顶层,7,南向
837,1室1厅,23.51,中层,6,东向
838,4室2厅,225.0,高层,25,南北向
839,2室1厅,70.0,高层,7,南向
840,3室1厅,109.41,高层,11,南北向
841,3室2厅,155.7,高层,7,南向
842,3室2厅,115.46,高层,6,南北向
843,2室1厅,40.54,中层,8,西向
844,4室2厅,116.31,低层,8,南向
845,2室1厅,110.0,低层,7,南北向
846,1室1厅,23.12,高层,8,东向
847,2室1厅,75.13,低层,7,南北向
848,2室1厅,63.11,高层,9,西北向
849,3室2厅,97.1,高层,26,南北向
850,3室2厅,127.47,中层,6,南北向
851,2室1厅,45.43,高层,8,北向
852,3室2厅,95.33,高层,11,南北向
853,3室2厅,122.69,中层,27,南北向
854,2室1厅,83.99,顶层,16,南向
855,2室1厅,84.0,低层,22,南向
856,1室1厅,21.1,高层,6,东向
857,2室1厅,85.45,中层,18,南北向
858,3室2厅,159.55,低层,7,南向
859,1室1厅,28.97,中层,8,南北向
860,2室1厅,108.52,高层,11,南北向
861,3室2厅,126.0,中层,6,南北向
862,3室2厅,134.42,中层,33,南北向
863,3室2厅,117.24,中层,7,南北向
864,1室1厅,33.03,高层,8,南向
865,3室1厅,93.19,高层,11,南向
866,3室2厅,95.07,中层,7,南北向
867,2室1厅,50.86,高层,7,南向
868,3室1厅,81.89,高层,6,东西向
869,1室1厅,27.1,高层,8,南向
870,2室1厅,101.58,低层,11,南北向
871,3室1厅,107.79,中层,6,东南向
872,2室1厅,48.65,顶层,26,南向
873,2室1厅,108.86,高层,30,南北向
874,2室2厅,109.44,中层,6,北向
875,1室1厅,21.0,高层,5,西向
876,1室1厅,35.0,中层,6,南向
877,2室2厅,86.0,中层,16,南北向
878,2室1厅,101.34,中层,24,南向
879,3室1厅,111.05,高层,27,南北向
880,3室2厅,141.0,低层,7,南北向
881,3室2厅,152.81,低层,28,南北向
882,2室1厅,56.14,中层,5,南北向
883,2室2厅,96.56,低层,15,南向
884,2室1厅,44.0,顶层,6,东西向
885,2室1厅,83.96,低层,30,南向
886,2室1厅,41.69,中层,8,西向
887,3室1厅,115.64,低层,25,南向
888,3室1厅,121.77,中层,24,南北向
889,2室1厅,58.92,中层,6,南北向
890,3室2厅,125.91,中层,6,南北向
891,1室1厅,22.97,中层,5,南向
892,3室1厅,89.0,中层,9,南北向
893,1室1厅,44.19,中层,6,南向
894,2室2厅,85.0,低层,32,南北向
895,2室2厅,92.0,中层,28,南北向
896,3室2厅,143.0,中层,10,南北向
897,3室2厅,226.72,高层,24,南北向
898,3室2厅,153.23,中层,7,南北向
899,3室2厅,146.79,中层,16,南北向
900,3室2厅,121.2,低层,6,南北向
901,3室2厅,150.0,低层,26,南北向
902,3室2厅,116.83,低层,17,南北向
903,2室1厅,93.77,高层,31,南北向
904,3室2厅,92.0,高层,18,南北向
905,3室2厅,130.0,高层,33,南北向
906,3室2厅,118.0,中层,31,南向
907,2室1厅,68.5,高层,17,南北向
908,3室2厅,98.0,中层,7,南北向
909,2室1厅,122.26,高层,34,东南向
910,3室2厅,102.67,高层,15,南北向
911,3室2厅,146.9,高层,18,西北向
912,1室1厅,74.95,中层,15,南北向
913,1室1厅,54.26,中层,6,南北向
914,2室1厅,40.54,中层,8,西向
915,4室2厅,123.57,中层,18,南北向
916,2室1厅,84.64,高层,11,南北向
917,3室2厅,166.0,中层,17,南北向
918,1室1厅,31.1,中层,5,南向
919,3室2厅,115.55,中层,7,南向
920,1室1厅,32.48,中层,6,南北向
921,2室2厅,86.55,低层,17,南北向
922,3室2厅,103.76,低层,15,南北向
923,2室1厅,70.0,中层,7,南北向
924,3室2厅,109.8,低层,7,南北向
925,3室2厅,118.19,低层,24,南向
926,2室1厅,57.72,高层,6,南北向
927,4室2厅,164.47,中层,17,南北向
928,2室1厅,74.43,中层,7,东西向
929,3室2厅,186.73,高层,15,南北向
930,2室1厅,65.28,中层,7,西北向
931,3室1厅,101.05,中层,8,南北向
932,2室2厅,85.34,高层,33,南向
933,3室2厅,121.38,高层,17,南北向
934,3室3厅,162.99,低层,17,南北向
935,3室2厅,89.59,低层,32,南向
936,3室2厅,125.03,中层,6,南北向
937,2室1厅,83.57,高层,7,南北向
938,3室2厅,131.1,中层,11,南北向
939,3室2厅,145.33,高层,11,南北向
940,3室2厅,99.0,低层,9,南北向
941,3室1厅,106.72,中层,7,南北向
942,2室1厅,87.35,高层,21,南北向
943,3室2厅,111.51,中层,7,南北向
944,3室2厅,113.49,中层,33,南北向
945,3室2厅,144.15,高层,19,南北向
946,2室1厅,76.0,中层,17,南北向
947,2室1厅,95.18,高层,18,东南向
948,3室2厅,103.0,中层,18,南北向
949,3室2厅,155.4,高层,21,南向
950,2室1厅,86.91,高层,6,南北向
951,3室2厅,128.92,高层,30,南北向
952,3室2厅,95.05,中层,5,南北向
953,3室2厅,130.78,中层,5,南北向
954,2室1厅,50.33,中层,8,西向
955,3室2厅,133.15,中层,22,南北向
956,3室2厅,134.19,中层,8,南北向
957,3室2厅,118.0,中层,33,南北向
958,1室1厅,78.49,低层,12,南向
959,2室1厅,122.9,中层,12,南北向
960,3室2厅,129.18,中层,18,南北向
961,2室2厅,110.17,中层,13,南北向
962,2室2厅,105.04,中层,28,南向
963,2室1厅,53.93,中层,5,南向
964,2室1厅,52.47,高层,5,南北向
965,2室2厅,108.7,中层,9,南北向
966,2室1厅,51.5,顶层,2,西南向
967,1室0厅,39.86,低层,29,南向
968,3室2厅,140.78,低层,23,南北向
969,3室2厅,96.87,低层,17,南北向
970,2室2厅,80.0,中层,31,南北向
971,1室1厅,28.97,中层,8,南北向
972,2室1厅,83.55,中层,22,南北向
973,3室2厅,109.18,低层,32,南北向
974,3室2厅,111.02,高层,7,南北向
975,2室1厅,52.4,高层,6,南北向
976,3室1厅,122.26,高层,17,南北向
977,2室2厅,99.47,高层,6,南北向
978,3室2厅,109.12,中层,7,南北向
979,1室1厅,74.86,中层,18,南向
980,2室1厅,87.29,中层,7,南北向
981,3室2厅,113.84,低层,17,南北向
982,2室1厅,85.02,高层,6,西北向
983,3室2厅,129.92,高层,6,南北向
984,1室1厅,35.92,中层,8,南向
985,3室2厅,125.62,低层,6,南北向
986,3室1厅,108.96,低层,7,南向
987,3室1厅,140.83,高层,33,南北向
988,2室2厅,110.0,中层,24,南向
989,2室1厅,94.81,低层,15,南向
990,2室1厅,75.0,低层,29,南向
991,2室2厅,97.59,中层,14,南北向
992,3室2厅,126.27,中层,5,南北向
993,2室2厅,77.27,高层,27,南北向
994,2室2厅,97.3,低层,16,南北向
995,4室2厅,127.97,中层,15,南北向
996,2室1厅,97.88,高层,29,南北向
997,3室2厅,93.0,中层,6,南北向
998,1室1厅,52.52,高层,6,南北向
999,3室2厅,121.57,中层,6,南北向
1000,3室2厅,91.21,中层,32,南向
1001,3室2厅,139.97,中层,18,南向
1002,1室1厅,55.14,低层,30,南向
1003,2室1厅,81.99,中层,7,南北向
1004,1室0厅,24.0,中层,6,南向
1005,2室1厅,84.23,低层,6,南北向
1006,3室2厅,98.0,高层,25,南北向
1007,3室2厅,130.07,高层,25,南北向
1008,2室2厅,88.28,中层,18,南北向
1009,3室2厅,110.0,中层,8,南北向
1010,2室1厅,95.34,中层,6,南北向
1011,2室1厅,56.0,中层,6,南北向
1012,2室1厅,86.91,低层,32,东南向
1013,1室1厅,23.47,中层,7,东向
1014,3室2厅,124.76,中层,15,南北向
1015,3室2厅,130.9,中层,26,南北向
1016,3室2厅,101.0,中层,24,南北向
1017,1室1厅,56.0,中层,29,南北向
1018,3室2厅,129.68,高层,6,南北向
1019,2室2厅,107.74,低层,6,南北向
1020,3室2厅,173.97,中层,8,南北向
1021,1室1厅,35.92,中层,8,南向
1022,1室1厅,40.0,低层,6,南北向
1023,2室1厅,86.9,低层,7,南北向
1024,3室2厅,109.62,中层,32,南向
1025,2室1厅,112.67,低层,9,南北向
1026,2室1厅,60.31,高层,6,南北向
1027,2室2厅,83.16,高层,18,南向
1028,2室1厅,89.81,中层,7,南北向
1029,2室1厅,59.19,顶层,6,南北向
1030,3室2厅,145.57,中层,33,南北向
1031,2室1厅,92.19,低层,6,南北向
1032,3室1厅,102.94,低层,8,南北向
1033,3室2厅,132.23,低层,33,南北向
1034,2室1厅,69.35,高层,6,南北向
1035,2室1厅,79.81,低层,17,南向
1036,1室0厅,19.02,低层,3,南向
1037,3室2厅,130.0,低层,30,南北向
1038,2室1厅,71.2,中层,29,西南向
1039,1室1厅,31.76,中层,6,东向
1040,1室1厅,35.0,顶层,7,南向
1041,3室2厅,146.2,中层,30,南北向
1042,3室2厅,128.06,中层,6,南向
1043,3室2厅,144.74,高层,7,南北向
1044,3室1厅,101.68,中层,6,南北向
1045,2室1厅,107.28,中层,18,南北向
1046,4室2厅,181.18,高层,7,南北向
1047,2室2厅,106.0,顶层,6,南北向
1048,2室1厅,104.13,低层,7,南北向
1049,1室1厅,38.81,高层,7,西向
1050,4室2厅,138.0,中层,9,南北向
1051,3室1厅,97.73,低层,11,南北向
1052,2室2厅,115.3,中层,18,南北向
1053,3室2厅,93.0,低层,22,南北向
1054,2室1厅,61.97,中层,6,南北向
1055,3室2厅,129.72,中层,16,南北向
1056,3室2厅,120.48,低层,6,南北向
1057,2室1厅,57.95,中层,7,南北向
1058,2室1厅,103.95,中层,6,南北向
1059,3室2厅,125.0,顶层,3,南北向
1060,3室2厅,152.5,高层,18,南北向
1061,2室1厅,57.0,顶层,6,南向
1062,4室2厅,128.0,高层,11,南北向
1063,2室1厅,100.94,顶层,6,南北向
1064,3室2厅,114.96,中层,7,南北向
1065,2室1厅,55.0,高层,6,南北向
1066,1室1厅,34.0,低层,6,东南北向
1067,4室3厅,144.08,高层,23,南向
1068,1室1厅,40.18,中层,6,南北向
1069,2室2厅,88.62,中层,24,南向
1070,1室0厅,25.0,顶层,3,南向
1071,3室2厅,122.0,高层,30,南向
1072,3室2厅,187.0,中层,6,南北向
1073,2室1厅,79.03,高层,19,东北向
1074,1室1厅,29.02,中层,6,南向
1075,2室2厅,82.87,中层,18,南北向
1076,3室2厅,108.0,高层,24,南北向
1077,3室2厅,162.0,顶层,7,南向
1078,3室2厅,129.0,低层,6,南北向
1079,1室1厅,24.94,顶层,6,南向
1080,2室2厅,86.0,中层,18,南北向
1081,2室1厅,84.44,顶层,33,东南向
1082,1室1厅,25.24,高层,7,南向
1083,3室2厅,143.0,中层,28,南北向
1084,3室2厅,208.21,中层,27,南北向
1085,1室0厅,25.0,顶层,3,西北向
1086,3室2厅,96.0,低层,18,南北向
1087,3室2厅,102.0,中层,18,南北向
1088,3室2厅,95.0,高层,33,南向
1089,1室1厅,36.95,高层,7,东向
1090,2室1厅,59.79,高层,6,南北向
1091,2室1厅,72.38,中层,6,南北向
1092,3室1厅,105.0,中层,7,南北向
1093,2室1厅,94.18,高层,22,南北向
1094,3室2厅,126.24,低层,31,南北向
1095,2室1厅,86.13,高层,26,南北向
1096,3室2厅,160.52,中层,26,南北向
1097,1室1厅,24.89,中层,6,西向
1098,2室1厅,65.81,中层,6,南北向
1099,3室2厅,128.0,高层,5,南北向
1100,3室2厅,94.0,顶层,18,南北向
1101,2室1厅,90.35,中层,7,东南北向
1102,2室1厅,76.0,高层,25,南向
1103,3室2厅,107.77,高层,24,南北向
1104,1室1厅,45.96,低层,61,北向
1105,3室1厅,113.26,中层,11,南北向
1106,3室2厅,153.0,高层,26,南北向
1107,2室1厅,100.6,顶层,4,南北向
1108,2室1厅,79.0,低层,18,南北向
1109,2室1厅,95.45,高层,6,南向
1110,4室2厅,216.0,中层,30,南向
1111,4室2厅,210.0,中层,31,南北向
1112,2室1厅,83.57,高层,7,东向
1113,2室2厅,82.47,中层,11,南向
1114,1室1厅,32.21,顶层,6,南北向
1115,2室1厅,120.0,高层,43,西南向
1116,2室2厅,90.88,低层,32,南向
1117,1室1厅,32.27,顶层,6,南向
1118,3室2厅,100.0,高层,7,南北向
1119,3室1厅,80.85,中层,6,南北向
1120,2室1厅,50.8,顶层,6,东北向
1121,2室2厅,94.0,低层,32,南向
1122,3室2厅,114.25,高层,28,东向
1123,1室1厅,27.16,顶层,6,西向
1124,1室1厅,15.22,顶层,2,南向
1125,2室1厅,77.27,高层,16,南向
1126,3室2厅,134.0,中层,8,南向
1127,1室1厅,24.82,高层,6,南向
1128,3室1厅,75.0,中层,13,南北向
1129,2室2厅,110.0,低层,25,南北向
1130,2室2厅,90.0,低层,19,南向
1131,2室2厅,85.0,中层,10,南北向
1132,2室2厅,92.0,中层,47,南北向
1133,2室1厅,85.0,高层,43,东南向
1134,3室2厅,126.63,高层,5,南北向
1135,2室1厅,93.49,低层,24,南北向
1136,2室1厅,85.96,中层,26,南北向
1137,3室2厅,128.0,中层,6,南北向
1138,2室1厅,87.0,顶层,25,南向
1139,1室1厅,52.94,中层,6,南向
1140,3室2厅,128.0,高层,16,南北向
1141,3室1厅,129.05,中层,4,南北向
1142,2室2厅,95.0,中层,5,南向
1143,3室2厅,108.0,高层,5,南北向
1144,3室2厅,122.0,低层,28,南向
1145,2室1厅,83.17,中层,32,南向
1146,1室1厅,63.13,高层,27,南向
1147,2室2厅,86.0,高层,34,南北向
1148,3室2厅,152.97,中层,9,南北向
1149,3室1厅,104.36,中层,6,南北向
1150,2室1厅,93.75,中层,32,南北向
1151,2室2厅,98.71,中层,15,南北向
1152,3室2厅,98.38,中层,11,南北向
1153,1室1厅,15.0,高层,4,南向
1154,3室2厅,109.23,低层,11,南北向
1155,3室2厅,144.08,低层,23,南向
1156,4室2厅,209.0,中层,6,南北向
1157,1室1厅,25.46,高层,5,南向
1158,2室1厅,73.94,顶层,6,南北向
1159,3室2厅,140.0,中层,7,南北向
1160,3室2厅,143.53,高层,17,南北向
1161,1室1厅,28.0,低层,6,南向
1162,2室2厅,83.55,中层,20,南北向
1163,1室1厅,22.64,顶层,2,南向
1164,2室1厅,95.04,高层,43,西南向
1165,2室1厅,38.7,中层,5,南北向
1166,3室2厅,161.45,高层,9,南北向
1167,3室2厅,113.53,低层,17,南北向
1168,2室2厅,95.13,低层,9,南北向
1169,1室1厅,36.84,高层,6,北向
1170,2室2厅,100.2,低层,33,南向
1171,3室2厅,116.8,高层,19,南北向
1172,2室1厅,81.57,低层,6,南北向
1173,3室2厅,92.54,高层,18,南北向
1174,2室1厅,58.88,顶层,7,西南向
1175,3室2厅,156.0,高层,30,南北向
1176,2室1厅,105.53,低层,6,南北向
1177,2室1厅,87.0,高层,5,南北向
1178,2室1厅,87.7,低层,33,南向
1179,1室1厅,51.58,中层,7,东向
1180,2室1厅,96.75,中层,6,南北向
1181,3室1厅,78.11,顶层,28,南向
1182,1室1厅,25.66,顶层,6,南向
1183,3室2厅,120.0,低层,26,南向
1184,2室1厅,105.53,低层,6,南北向
1185,3室2厅,89.0,中层,9,南北向
1186,1室1厅,37.45,中层,6,东南向
1187,3室2厅,89.0,低层,11,南北向
1188,3室2厅,123.0,顶层,10,南向
1189,2室1厅,80.58,中层,6,南北向
1190,1室1厅,42.09,中层,48,北向
1191,2室1厅,66.12,中层,6,南向
1192,2室1厅,80.95,中层,7,南北向
1193,3室2厅,98.62,低层,11,南北向
1194,1室1厅,46.92,低层,48,南北向
1195,3室2厅,141.0,低层,33,南向
1196,4室2厅,161.41,中层,8,南向
1197,2室2厅,106.02,顶层,5,南北向
1198,3室2厅,174.98,中层,17,南向
1199,4室2厅,256.44,高层,7,南北向
1200,3室2厅,89.18,中层,8,南北向
1201,3室1厅,99.15,低层,18,南北向
1202,2室1厅,98.0,高层,16,南向
1203,2室1厅,82.0,中层,25,南北向
1204,2室2厅,116.78,低层,9,南向
1205,1室1厅,25.25,中层,7,南向
1206,2室1厅,59.4,高层,6,东西向
1207,3室2厅,98.0,中层,18,南北向
1208,3室2厅,146.29,高层,18,南北向
1209,2室2厅,90.0,高层,11,南北向
1210,2室2厅,86.0,低层,17,南向
1211,2室2厅,87.83,低层,31,南北向
1212,3室2厅,107.15,中层,11,南北向
1213,2室2厅,86.22,中层,34,南向
1214,1室1厅,26.74,顶层,2,东向
1215,1室0厅,18.0,顶层,2,南北向
1216,2室2厅,83.37,高层,26,南向
1217,1室1厅,25.91,高层,4,南向
1218,3室2厅,109.0,中层,7,南北向
1219,2室1厅,79.23,中层,6,南向
1220,1室1厅,22.4,顶层,6,南向
1221,2室1厅,66.95,中层,5,南北向
1222,3室1厅,117.0,中层,15,南北向
1223,2室2厅,97.0,高层,5,南向
1224,3室2厅,91.0,低层,18,南北向
1225,2室0厅,25.0,顶层,2,南向
1226,3室2厅,135.46,低层,13,南向
1227,3室2厅,123.29,高层,18,南北向
1228,3室2厅,116.69,高层,23,南向
1229,2室2厅,92.0,高层,15,南向
1230,3室1厅,124.0,高层,6,南向
1231,3室2厅,150.14,中层,5,南北向
1232,3室2厅,200.0,高层,43,西南向
1233,2室1厅,78.98,低层,17,南向
1234,1室1厅,42.0,顶层,7,南北向
1235,3室2厅,111.0,高层,7,南北向
1236,2室2厅,100.21,低层,6,南向
1237,2室2厅,89.0,低层,17,南北向
1238,3室2厅,107.19,顶层,7,南北向
1239,3室2厅,96.0,低层,18,南北向
1240,1室1厅,42.21,高层,6,南北向
1241,3室2厅,95.0,高层,11,南北向
1242,3室2厅,124.0,高层,11,南向
1243,3室1厅,103.3,低层,7,南北向
1244,3室2厅,109.0,高层,10,南北向
1245,2室2厅,88.84,中层,7,南向
1246,4室2厅,140.0,中层,33,南向
1247,3室1厅,70.0,高层,6,东西向
1248,1室2厅,43.15,中层,20,南北向
1249,3室2厅,95.03,高层,6,南北向
1250,3室2厅,150.0,中层,17,南向
1251,3室2厅,100.75,顶层,33,南北向
1252,3室2厅,98.0,中层,17,南北向
1253,1室1厅,32.0,低层,6,南向
1254,3室2厅,88.0,中层,8,南北向
1255,2室1厅,51.01,低层,6,西向
1256,2室2厅,61.78,中层,8,西北向
1257,3室2厅,143.92,低层,6,南北向
1258,3室2厅,154.09,顶层,6,南向
1259,3室2厅,96.0,中层,18,南向
1260,3室2厅,106.11,中层,33,南北向
1261,3室2厅,135.0,中层,8,南北向
1262,2室2厅,98.8,高层,10,南北向
1263,1室1厅,51.54,顶层,6,西南向
1264,3室1厅,132.96,高层,14,南向
1265,2室1厅,80.07,中层,7,南北向
1266,2室2厅,85.37,中层,33,南向
1267,2室1厅,21.0,顶层,2,南向
1268,2室1厅,78.0,高层,5,南向
1269,3室2厅,139.67,低层,11,南向
1270,2室2厅,80.0,高层,24,南北向
1271,2室2厅,86.15,顶层,6,南向
1272,1室1厅,41.51,顶层,6,南北向
1273,2室1厅,109.27,高层,9,南向
1274,3室2厅,125.0,中层,23,南向
1275,3室2厅,149.32,中层,18,南向
1276,3室2厅,114.0,高层,25,南北向
1277,2室2厅,101.67,中层,17,南北向
1278,4室2厅,105.48,高层,34,南北向
1279,2室1厅,27.0,顶层,6,南北向
1280,3室2厅,137.0,中层,29,南向
1281,3室2厅,125.31,中层,23,南北向
1282,3室2厅,98.0,低层,15,南北向
1283,3室2厅,159.68,中层,24,南北向
1284,3室1厅,73.7,低层,6,南北向
1285,3室2厅,113.8,高层,22,南北向
1286,1室1厅,29.24,中层,6,南北向
1287,1室0厅,9.66,低层,3,南北向
1288,3室2厅,90.02,中层,33,南北向
1289,2室1厅,78.13,高层,6,东西向
1290,1室1厅,30.0,低层,3,南向
1291,2室1厅,93.7,中层,27,南向
1292,3室2厅,108.0,中层,17,南北向
1293,1室1厅,24.9,顶层,6,南向
1294,2室2厅,92.4,中层,26,南向
1295,1室1厅,18.0,顶层,2,南向
1296,2室1厅,85.24,中层,18,南北向
1297,2室1厅,85.0,低层,43,东南向
1298,1室0厅,25.0,低层,6,南向
1299,2室2厅,122.6,低层,12,东向
1300,1室1厅,72.0,低层,22,南向
1301,2室2厅,84.51,低层,11,南北向
1302,3室2厅,127.0,中层,9,南向
1303,2室2厅,66.0,高层,18,南北向
1304,3室2厅,125.79,高层,31,南北向
1305,1室2厅,78.0,中层,9,南北向
1306,4室2厅,179.2,高层,23,南向
1307,4室2厅,158.71,低层,7,南向
1308,2室1厅,57.05,低层,7,南北向
1309,1室1厅,100.0,高层,43,西南向
1310,2室1厅,50.25,中层,5,南北向
1311,2室2厅,109.72,低层,9,西南北向
1312,2室1厅,79.7,顶层,6,南北向
1313,2室1厅,100.15,高层,34,西南向
1314,3室2厅,90.0,中层,14,南北向
1315,3室2厅,99.0,中层,18,南北向
1316,3室2厅,166.38,低层,7,南北向
1317,3室2厅,192.02,低层,10,南北向
1318,2室1厅,59.0,低层,7,南北向
1319,3室2厅,88.0,高层,11,南北向
1320,2室2厅,103.85,中层,24,南向
1321,3室2厅,87.0,低层,15,南北向
1322,2室1厅,49.96,中层,6,东西向
1323,2室1厅,104.0,低层,24,南北向
1324,2室1厅,50.0,中层,6,南北向
1325,3室2厅,101.0,中层,11,南北向
1326,1室1厅,30.0,高层,6,南向
1327,1室0厅,33.48,顶层,6,南向
1328,3室1厅,127.59,低层,6,南北向
1329,2室1厅,82.64,顶层,11,南北向
1330,1室1厅,54.35,中层,6,南北向
1331,3室1厅,110.71,高层,18,南北向
1332,1室1厅,39.0,中层,6,南向
1333,1室1厅,29.96,低层,6,南北向
1334,1室0厅,12.17,中层,4,东北向
1335,1室1厅,44.77,顶层,6,南北向
1336,1室0厅,20.0,低层,3,西南向
1337,2室1厅,76.47,高层,6,南北向
1338,3室2厅,116.02,中层,6,南北向
1339,1室1厅,22.88,顶层,3,东南向
1340,3室2厅,89.3,中层,26,南北向
1341,1室1厅,34.09,高层,29,北向
1342,1室1厅,24.85,中层,7,西向
1343,3室2厅,127.59,中层,6,南北向
1344,3室2厅,126.0,中层,11,南向
1345,1室1厅,41.17,高层,7,东西向
1346,3室2厅,107.0,中层,29,南向
1347,1室1厅,42.0,中层,6,南向
1348,2室1厅,72.97,低层,6,南向
1349,3室1厅,96.79,低层,18,南北向
1350,3室2厅,114.5,中层,21,南北向
1351,2室1厅,55.0,顶层,6,南北向
1352,1室1厅,35.0,中层,6,南北向
1353,1室1厅,21.08,中层,6,南向
1354,1室0厅,11.58,顶层,2,南北向
1355,3室2厅,109.0,顶层,24,南北向
1356,3室2厅,166.0,中层,17,南向
1357,2室2厅,109.2,低层,24,南北向
1358,3室2厅,122.0,低层,11,南向
1359,3室2厅,128.0,低层,10,南北向
1360,1室1厅,45.0,顶层,4,南北向
1361,3室2厅,110.41,高层,8,南北向
1362,1室1厅,33.21,顶层,5,南向
1363,3室2厅,87.0,低层,9,南北向
1364,4室2厅,177.0,高层,7,南北向
1365,2室2厅,110.11,高层,7,东向
1366,3室2厅,88.53,中层,18,南向
1367,1室1厅,14.54,顶层,6,南向
1368,1室0厅,23.45,高层,6,西北向
1369,2室1厅,38.22,顶层,6,南向
1370,3室1厅,100.06,中层,27,南向
1371,3室2厅,180.0,低层,43,南向
1372,2室1厅,81.97,中层,8,东西向
1373,2室1厅,30.3,顶层,3,南北向
1374,3室2厅,100.0,中层,15,南北向
1375,3室2厅,128.06,中层,21,南北向
1376,3室2厅,143.0,中层,17,南北向
1377,2室1厅,96.41,高层,15,东南向
1378,4室2厅,130.88,低层,7,南北向
1379,2室2厅,85.24,高层,18,南向
1380,2室1厅,64.91,高层,27,南北向
1381,3室1厅,85.0,低层,15,南向
1382,1室1厅,62.47,中层,30,南北向
1383,1室1厅,56.98,低层,31,南北向
1384,3室2厅,112.0,中层,31,南北向
1385,2室1厅,83.57,高层,7,南向
1386,2室1厅,86.0,中层,6,南北向
1387,3室2厅,106.11,低层,33,南北向
1388,3室2厅,106.83,中层,23,南北向
1389,1室1厅,60.0,中层,18,南北向
1390,3室1厅,70.0,中层,13,南向
1391,2室2厅,88.77,中层,33,南向
1392,2室2厅,76.0,中层,15,南北向
1393,2室1厅,89.0,高层,10,南向
1394,2室1厅,115.0,低层,43,东北向
1395,2室2厅,87.0,低层,16,南北向
1396,2室2厅,76.0,中层,17,南北向
1397,3室1厅,89.0,低层,19,南向
1398,3室2厅,130.9,中层,26,南北向
1399,1室1厅,26.2,中层,6,南向
1400,3室2厅,96.37,低层,18,南向
1401,3室2厅,137.0,中层,25,南向
1402,3室2厅,107.3,中层,26,南北向
1403,4室2厅,123.14,低层,18,南北向
1404,1室1厅,63.36,低层,7,南北向
1405,3室1厅,83.92,高层,6,南北向
1406,2室1厅,83.83,中层,18,南北向
1407,3室1厅,113.66,低层,25,南北向
1408,1室1厅,26.2,中层,6,南向
1409,2室2厅,87.8,低层,11,南北向
1410,2室2厅,121.18,低层,28,南向
1411,3室2厅,139.38,高层,8,南北向
1412,1室1厅,67.37,低层,31,西北向
1413,3室2厅,168.94,中层,15,南北向
1414,4室2厅,120.02,高层,17,南北向
1415,2室1厅,93.61,顶层,18,南北向
1416,3室2厅,121.0,低层,18,南北向
1417,3室2厅,221.64,高层,31,南北向
1418,3室2厅,127.74,低层,27,南北向
1419,3室2厅,169.94,高层,26,南北向
1420,3室2厅,91.99,中层,27,南北向
1421,2室2厅,80.65,低层,18,南北向
1422,3室2厅,137.73,低层,6,南北向
1423,2室1厅,94.65,低层,18,南向
1424,3室2厅,126.79,中层,7,南北向
1425,1室1厅,58.0,高层,6,南向
1426,3室2厅,94.25,高层,22,南北向
1427,2室1厅,90.0,中层,31,南向
1428,2室1厅,93.0,顶层,6,南北向
1429,2室1厅,103.0,顶层,6,南北向
1430,2室1厅,95.29,中层,6,南北向
1431,2室1厅,110.45,中层,6,南北向
1432,1室1厅,63.0,中层,18,南向
1433,1室0厅,20.0,低层,3,西南向
1434,2室1厅,110.45,高层,7,南北向
1435,2室1厅,110.0,中层,6,南北向
1436,2室1厅,59.72,高层,7,南北向
1437,4室2厅,157.96,高层,6,南北向
1438,2室1厅,88.61,低层,28,南北向
1439,1室1厅,49.14,低层,6,南向
1440,1室1厅,77.99,高层,26,南北向
1441,3室2厅,137.26,低层,33,南北向
1442,1室1厅,51.18,中层,7,南向
1443,1室1厅,49.01,中层,10,西向
1444,2室1厅,113.83,中层,11,南北向
1445,1室1厅,34.26,低层,22,南向
1446,3室2厅,146.33,高层,11,南向
1447,1室1厅,34.42,中层,8,东向
1448,3室1厅,128.49,中层,11,西北向
1449,1室1厅,35.11,中层,8,西向
1450,3室2厅,136.64,中层,13,南北向
1451,2室1厅,110.66,低层,6,南北向
1452,1室1厅,30.92,顶层,6,南向
1453,2室1厅,89.74,中层,33,南向
1454,2室1厅,84.88,中层,7,南北向
1455,2室2厅,90.07,中层,26,南向
1456,7室2厅,266.08,高层,6,南北向
1457,2室1厅,112.2,中层,25,南北向
1458,1室1厅,49.2,中层,10,东向
1459,2室1厅,70.15,中层,10,东西向
1460,1室1厅,74.57,高层,7,南向
1461,2室1厅,90.07,中层,26,南向
1462,1室1厅,49.2,中层,10,东向
1463,2室1厅,54.1,中层,8,西向
1464,3室2厅,155.67,中层,10,南北向
1465,2室1厅,113.83,高层,11,南北向
1466,3室2厅,139.17,高层,24,南北向
1467,2室1厅,55.23,高层,14,北向
1468,1室1厅,29.95,中层,7,南向
1469,2室2厅,88.19,低层,27,南向
1470,1室1厅,35.17,高层,6,西向
1471,1室1厅,37.04,中层,7,东向
1472,2室1厅,59.12,中层,6,南北向
1473,3室2厅,223.19,中层,6,西北向
1474,3室2厅,181.75,中层,11,南北向
1475,3室2厅,149.12,中层,11,南北向
1476,1室1厅,55.92,中层,14,北向
1477,2室1厅,67.23,中层,8,东西向
1478,2室2厅,88.95,高层,26,南向
1479,1室1厅,53.23,低层,30,西向
1480,3室2厅,127.14,低层,25,东南向
1481,3室1厅,107.57,低层,7,南北向
1482,2室1厅,70.15,中层,10,东西向
1483,1室1厅,40.09,中层,7,南向
1484,1室1厅,40.93,高层,6,南向
1485,1室1厅,41.26,中层,6,南向
1486,2室2厅,118.76,中层,12,南北向
1487,2室1厅,53.17,中层,5,南北向
1488,2室1厅,88.63,高层,28,南北向
1489,2室1厅,45.68,高层,5,南向
1490,2室1厅,85.54,中层,18,南北向
1491,2室1厅,105.98,高层,6,南北向
1492,2室2厅,93.66,低层,33,南北向
1493,2室1厅,110.05,低层,22,南北向
1494,3室2厅,138.81,低层,17,南北向
1495,3室2厅,142.92,中层,11,南北向
1496,2室2厅,115.11,低层,7,南北向
1497,1室1厅,39.56,中层,8,南向
1498,1室1厅,49.01,低层,10,西向
1499,3室2厅,117.99,中层,5,南北向
1500,2室1厅,101.45,高层,32,南北向
1501,2室1厅,104.95,高层,6,南北向
1502,2室1厅,71.34,低层,7,东西向
1503,1室1厅,49.2,中层,10,东向
1504,1室1厅,38.0,高层,7,东南向
1505,2室1厅,68.63,中层,14,南向
1506,1室1厅,34.86,高层,6,西向
1507,2室1厅,113.83,高层,11,南向
1508,2室1厅,55.05,中层,8,北向
1509,1室1厅,50.38,低层,10,南向
1510,1室2厅,77.82,低层,33,南向
1511,2室1厅,73.58,中层,7,东向
1512,2室1厅,87.75,低层,33,南北向
1513,3室1厅,146.48,中层,28,南北向
1514,2室1厅,106.72,中层,6,南北向
1515,4室2厅,173.65,中层,28,南北向
1516,1室1厅,57.99,高层,30,北向
1517,2室1厅,86.5,低层,11,南北向
1518,2室1厅,54.47,高层,8,南北向
1519,1室1厅,25.62,中层,7,东南向
1520,2室1厅,55.8,高层,5,南北向
1521,2室1厅,95.99,高层,33,南北向
1522,2室1厅,73.87,高层,8,西向
1523,1室1厅,50.66,中层,10,南向
1524,2室1厅,55.63,高层,7,南北向
1525,2室1厅,62.11,高层,6,东西向
1526,1室1厅,37.0,中层,6,东南向
1527,2室1厅,82.95,低层,6,南北向
1528,1室1厅,48.71,低层,10,东向
1529,1室1厅,51.74,低层,30,东南向
1530,1室1厅,55.92,中层,14,北向
1531,1室1厅,62.95,高层,21,东南向
1532,1室1厅,60.09,中层,21,东向
1533,3室2厅,165.4,高层,28,南北向
1534,1室1厅,36.86,高层,6,南向
1535,3室2厅,264.21,低层,33,西北向
1536,2室1厅,68.47,中层,7,东南向
1537,1室1厅,39.58,高层,7,西向
1538,2室2厅,99.88,高层,6,南北向
1539,1室1厅,38.57,中层,8,东向
1540,2室1厅,95.19,中层,7,南北向
1541,2室1厅,87.45,高层,10,南北向
1542,1室1厅,62.95,高层,21,西向
1543,2室1厅,36.84,低层,6,南北向
1544,2室1厅,70.79,低层,10,南北向
1545,2室1厅,122.2,高层,18,南北向
1546,1室1厅,36.8,低层,7,南向
1547,2室1厅,49.48,中层,10,北向
1548,3室2厅,122.1,中层,11,南北向
1549,4室2厅,173.34,中层,27,南北向
1550,3室2厅,160.37,中层,6,南北向
1551,1室1厅,38.57,低层,7,南向
1552,2室1厅,65.77,高层,6,东西向
1553,3室2厅,135.03,高层,11,南北向
1554,2室1厅,38.31,中层,8,南北向
1555,1室1厅,35.23,高层,8,西向
1556,1室1厅,40.59,中层,7,西向
1557,2室1厅,76.23,高层,6,南北向
1558,3室2厅,146.31,高层,27,南北向
1559,2室1厅,48.83,高层,10,南向
1560,1室1厅,49.01,中层,10,西向
1561,1室1厅,51.65,低层,14,南向
1562,1室1厅,49.2,高层,10,南向
1563,4室1厅,183.27,高层,18,南北向
1564,2室1厅,78.91,低层,7,西北向
1565,3室1厅,125.54,高层,6,南北向
1566,4室2厅,173.34,高层,27,南北向
1567,2室1厅,54.41,中层,8,东向
1568,5室2厅,247.65,中层,17,南北向
1569,1室1厅,50.88,中层,8,北向
1570,2室1厅,38.02,中层,8,南北向
1571,1室1厅,35.02,中层,6,南向
1572,1室1厅,34.95,高层,8,西向
1573,3室2厅,156.08,低层,8,南北向
1574,1室1厅,34.93,中层,7,东向
1575,2室2厅,88.63,中层,28,南北向
1576,2室2厅,99.24,高层,6,南向
1577,1室1厅,33.97,高层,7,东向
1578,2室1厅,56.58,中层,7,西向
1579,1室1厅,36.93,高层,8,东向
1580,2室1厅,117.7,高层,12,南北向
1581,1室1厅,49.01,高层,10,西向
1582,1室1厅,23.55,中层,7,南向
1583,2室1厅,59.42,中层,6,南北向
1584,1室1厅,34.87,高层,7,西向
1585,2室2厅,121.94,低层,12,南北向
1586,1室1厅,48.71,低层,10,南向
1587,2室1厅,81.23,高层,6,南北向
1588,2室2厅,124.47,中层,15,东西向
1589,3室1厅,122.27,低层,11,南北向
1590,2室1厅,59.42,高层,6,南北向
1591,1室1厅,50.66,低层,10,南向
1592,2室1厅,113.83,中层,11,南北向
1593,4室2厅,184.79,高层,22,南北向
1594,1室1厅,40.88,低层,8,东向
1595,1室1厅,33.97,高层,7,东向
1596,2室1厅,65.1,高层,5,南向
1597,1室1厅,49.07,中层,22,北向
1598,1室1厅,49.01,中层,10,西向
1599,3室1厅,98.19,中层,7,南北向
1600,2室1厅,98.83,中层,5,南北向
1601,2室1厅,59.8,高层,8,南北向
1602,2室1厅,89.39,中层,28,南向
1603,2室2厅,161.84,低层,18,东南向
1604,2室1厅,49.85,中层,10,西向
1605,2室1厅,70.07,低层,10,南北向
1606,2室2厅,90.26,中层,25,南向
1607,3室2厅,148.98,中层,7,南北向
1608,2室1厅,110.66,低层,6,南北向
1609,1室1厅,42.77,中层,7,东向
1610,2室2厅,123.64,低层,7,东西向
1611,1室1厅,35.92,中层,8,南向
1612,4室1厅,183.27,高层,18,南北向
1613,2室1厅,73.16,高层,7,南北向
1614,1室1厅,90.08,中层,11,南向
1615,3室2厅,101.95,高层,6,南北向
1616,1室1厅,37.43,低层,8,南向
1617,3室1厅,139.95,中层,7,南北向
1618,4室2厅,225.87,高层,27,南北向
1619,2室2厅,103.13,高层,30,南北向
1620,2室1厅,34.2,高层,6,西北向
1621,2室2厅,92.06,高层,33,南北向
1622,2室1厅,52.1,高层,10,南北向
1623,3室2厅,152.63,中层,11,南北向
1624,2室1厅,116.03,高层,33,南北向
1625,1室1厅,47.95,低层,7,南北向
1626,3室1厅,99.79,高层,14,南北向
1627,3室2厅,159.06,中层,5,南向
1628,2室1厅,72.43,高层,7,南北向
1629,1室1厅,34.93,中层,6,西向
1630,2室1厅,49.66,中层,10,东向
1631,4室2厅,255.22,低层,31,南北向
1632,3室1厅,129.47,高层,11,南北向
1633,1室1厅,49.2,中层,10,西向
1634,1室1厅,26.75,高层,8,南向
1635,1室1厅,58.83,中层,30,南向
1636,2室1厅,89.81,中层,7,南北向
1637,1室1厅,35.55,中层,7,南北向
1638,2室2厅,101.2,高层,6,西北向
1639,1室1厅,50.66,中层,10,南向
1640,2室1厅,66.53,中层,6,东南向
1641,1室1厅,34.59,中层,7,西向
1642,2室1厅,52.1,高层,10,南北向
1643,2室2厅,117.11,低层,12,南北向
1644,1室1厅,34.87,中层,7,东向
1645,2室1厅,59.34,中层,7,南北向
1646,3室2厅,181.75,高层,11,南北向
1647,3室2厅,126.76,中层,5,南北向
1648,3室1厅,108.05,中层,25,南北向
1649,3室1厅,190.98,中层,27,南北向
1650,2室2厅,104.56,高层,11,南向
1651,2室1厅,89.11,高层,27,南北向
1652,1室1厅,58.09,中层,20,南向
1653,1室1厅,60.09,中层,21,南向
1654,3室2厅,146.71,中层,25,东南向
1655,1室1厅,34.87,高层,7,西向
1656,2室1厅,92.77,高层,7,南向
1657,2室1厅,68.63,中层,14,南向
1658,2室1厅,65.65,高层,7,南北向
1659,4室3厅,193.87,高层,26,南向
1660,2室2厅,90.83,中层,5,南北向
1661,2室1厅,89.64,高层,24,南北向
1662,4室2厅,212.26,中层,28,南北向
1663,3室1厅,107.96,低层,10,南北向
1664,1室1厅,34.87,低层,7,东向
1665,3室2厅,155.48,高层,6,南北向
1666,1室1厅,49.2,中层,10,东向
1667,1室1厅,49.2,中层,10,东向
1668,2室1厅,52.68,中层,5,南北向
1669,2室1厅,48.83,高层,10,南向
1670,1室1厅,34.07,高层,7,南向
1671,2室1厅,104.41,低层,15,南向
1672,2室1厅,38.0,高层,8,西向
1673,2室1厅,73.87,高层,8,西向
1674,2室1厅,70.16,低层,10,南北向
1675,2室1厅,101.45,高层,32,西南向
1676,2室1厅,102.43,低层,6,南北向
1677,2室1厅,47.7,高层,6,东北向
1678,2室2厅,91.87,中层,6,南北向
1679,3室2厅,123.97,中层,6,南北向
1680,3室2厅,164.4,低层,27,东南向
1681,1室1厅,40.77,中层,7,南向
1682,1室1厅,35.31,高层,6,北向
1683,2室1厅,85.65,高层,18,南向
1684,3室2厅,156.21,中层,33,南向
1685,1室1厅,35.9,中层,8,西北向
1686,2室1厅,49.2,中层,10,南向
1687,2室2厅,127.51,高层,6,南北向
1688,2室1厅,104.62,高层,6,南北向
1689,2室1厅,43.14,中层,7,东西向
1690,1室0厅,22.31,中层,7,西向
1691,3室1厅,88.37,低层,10,东西向
1692,1室1厅,35.19,高层,8,西向
1693,2室1厅,88.44,中层,7,南北向
1694,2室1厅,90.08,中层,11,南北向
1695,3室1厅,96.73,中层,32,东南向
1696,2室2厅,99.84,中层,7,南北向
1697,2室1厅,117.61,高层,12,南北向
1698,1室1厅,50.09,低层,20,南向
1699,2室2厅,106.97,中层,11,南北向
1700,3室2厅,132.17,高层,28,西南向
1701,2室2厅,122.86,高层,18,南北向
1702,2室1厅,124.29,中层,25,南北向
1703,1室1厅,60.09,低层,21,北向
1704,2室1厅,75.85,低层,7,南北向
1705,2室1厅,90.08,中层,11,南北向
1706,3室2厅,124.15,高层,25,西北向
1707,2室1厅,44.78,顶层,5,南向
1708,1室1厅,36.87,中层,8,东向
1709,2室1厅,99.24,高层,6,南北向
1710,2室1厅,55.35,中层,8,西向
1711,2室1厅,88.05,低层,26,南向
1712,1室1厅,53.58,高层,6,南向
1713,2室1厅,49.35,中层,10,北向
1714,1室1厅,25.53,中层,8,东向
1715,3室2厅,141.37,中层,5,南北向
1716,2室1厅,68.63,中层,14,南向
1717,3室1厅,69.98,中层,5,南北向
1718,2室1厅,65.48,低层,7,南北向
1719,2室2厅,107.73,中层,12,南北向
1720,1室1厅,49.2,中层,10,西向
1721,2室1厅,89.74,低层,33,南向
1722,1室1厅,36.11,中层,8,东向
1723,3室2厅,118.76,低层,18,南北向
1724,2室1厅,55.23,中层,14,北向
1725,2室1厅,49.48,中层,10,北向
1726,2室1厅,59.14,中层,8,南向
1727,2室1厅,58.13,高层,5,南北向
1728,1室1厅,51.65,中层,14,南向
1729,2室2厅,105.95,高层,9,南北向
1730,3室2厅,121.0,顶层,11,南北向
1731,1室1厅,34.93,中层,7,西向
1732,1室1厅,36.78,中层,7,南向
1733,5室2厅,168.89,高层,6,南北向
1734,3室2厅,90.0,高层,9,南向
1735,2室1厅,87.0,高层,34,南北向
1736,2室1厅,37.18,高层,6,南北向
1737,2室1厅,70.38,高层,6,南北向
1738,1室1厅,23.1,中层,7,南向
1739,1室1厅,39.09,中层,6,西向
1740,2室1厅,90.63,中层,24,南向
1741,3室2厅,181.0,高层,31,南北向
1742,2室1厅,110.05,低层,22,南北向
1743,1室1厅,80.43,低层,7,南向
1744,1室1厅,38.23,高层,7,南向
1745,2室1厅,90.3,中层,27,南向
1746,2室2厅,76.0,低层,9,南北向
1747,2室1厅,108.52,低层,11,南北向
1748,1室1厅,39.68,高层,7,南向
1749,2室2厅,98.72,低层,32,南北向
1750,2室1厅,92.61,中层,28,南向
1751,2室1厅,90.41,低层,18,南北向
1752,2室1厅,105.98,高层,6,南北向
1753,2室1厅,94.08,高层,33,南北向
1754,1室1厅,38.18,低层,7,南向
1755,1室1厅,38.71,高层,6,西向
1756,2室1厅,82.5,中层,9,南北向
1757,2室1厅,42.76,高层,8,南向
1758,3室2厅,122.41,低层,6,南北向
1759,3室2厅,134.83,中层,5,南北向
1760,2室2厅,108.0,顶层,19,南北向
1761,3室2厅,184.88,高层,11,南北向
1762,1室1厅,36.42,中层,8,东南向
1763,1室1厅,38.87,高层,7,西向
1764,3室1厅,156.21,中层,33,南北向
1765,3室2厅,157.99,高层,10,南北向
1766,2室1厅,54.62,中层,6,南向
1767,2室1厅,52.98,高层,5,南北向
1768,2室1厅,94.64,高层,6,南北向
1769,2室1厅,50.56,中层,8,西向
1770,1室1厅,58.09,低层,20,南向
1771,3室1厅,122.53,高层,6,东南向
1772,1室1厅,39.3,高层,7,南向
1773,1室1厅,21.99,中层,6,东向
1774,3室2厅,135.35,低层,18,南北向
1775,1室1厅,48.66,中层,6,东向
1776,2室2厅,92.18,高层,6,东西向
1777,1室1厅,59.5,高层,18,东向
1778,1室1厅,34.59,中层,7,东向
1779,3室2厅,96.97,低层,26,南北向
1780,2室1厅,57.46,低层,8,南北向
1781,2室1厅,40.4,中层,8,南北向
1782,3室2厅,161.12,低层,11,南北向
1783,1室1厅,50.38,低层,10,南向
1784,1室1厅,36.87,中层,8,东向
1785,1室1厅,52.89,中层,32,西向
1786,2室1厅,93.04,低层,6,南北向
1787,1室1厅,50.25,高层,10,北向
1788,1室1厅,50.24,低层,10,北向
1789,1室1厅,23.11,中层,7,南向
1790,1室1厅,35.11,中层,8,西向
1791,2室2厅,88.81,中层,26,北向
1792,3室2厅,168.82,低层,9,南北向
1793,1室1厅,48.83,高层,10,南向
1794,1室1厅,58.09,高层,20,南向
1795,2室1厅,103.44,低层,32,南北向
1796,3室2厅,133.44,高层,5,南北向
1797,2室1厅,83.86,高层,6,东西向
1798,2室2厅,108.37,低层,9,南北向
1799,2室1厅,34.71,高层,6,南向
1800,1室1厅,24.17,中层,8,东向
1801,2室1厅,60.52,高层,7,南北向
1802,2室1厅,91.87,中层,6,南北向
1803,3室2厅,122.1,高层,11,南向
1804,3室2厅,265.83,高层,15,南北向
1805,3室2厅,141.87,高层,11,东南向
1806,2室1厅,88.25,中层,18,南北向
1807,2室2厅,94.64,高层,6,南北向
1808,3室2厅,128.65,高层,6,南北向
1809,4室2厅,258.07,中层,31,东南向
1810,2室1厅,56.43,低层,8,东向
1811,1室1厅,37.96,低层,7,东南向
1812,2室2厅,96.69,高层,28,南向
1813,1室1厅,48.71,低层,10,东向
1814,2室2厅,106.59,高层,13,东西向
1815,2室2厅,112.12,低层,7,西南向
1816,2室2厅,123.19,高层,11,东南向
1817,3室1厅,151.93,中层,25,南北向
1818,2室1厅,70.07,低层,10,南北向
1819,3室2厅,174.86,高层,18,南北向
1820,2室2厅,88.63,中层,28,南北向
1821,1室1厅,34.88,中层,8,西向
1822,3室2厅,164.4,低层,27,南北向
1823,3室2厅,137.26,中层,33,南北向
1824,1室1厅,23.93,中层,8,南向
1825,3室2厅,132.97,低层,10,南北向
1826,2室1厅,107.96,中层,11,南北向
1827,1室1厅,54.83,中层,8,东北向
1828,1室1厅,62.95,低层,21,东向
1829,3室2厅,146.01,中层,28,南北向
1830,1室1厅,49.01,中层,10,南向
1831,1室1厅,67.7,中层,30,南向
1832,2室1厅,59.46,中层,7,南北向
1833,2室1厅,99.24,高层,6,南北向
1834,2室1厅,97.53,中层,29,南向
1835,2室1厅,95.94,中层,6,南北向
1836,3室2厅,140.63,高层,6,南北向
1837,2室2厅,102.29,高层,30,南北向
1838,2室1厅,62.42,高层,7,南北向
1839,1室1厅,37.54,中层,8,西向
1840,3室2厅,160.04,低层,26,东南向
1841,1室1厅,36.93,中层,7,南向
1842,1室1厅,61.32,高层,32,南向
1843,1室1厅,48.71,低层,10,东向
1844,2室1厅,38.09,低层,7,南北向
1845,2室1厅,90.07,高层,18,南北向
1846,4室2厅,173.34,中层,27,南北向
1847,2室1厅,60.03,中层,7,南北向
1848,1室1厅,55.92,中层,14,北向
1849,1室1厅,34.59,高层,7,西向
1850,3室2厅,89.93,低层,24,西北向
1851,3室2厅,149.46,中层,6,南北向
1852,1室1厅,32.24,中层,5,南向
1853,2室1厅,108.48,中层,5,南北向
1854,4室1厅,143.45,中层,6,东西向
1855,1室1厅,53.2,高层,30,西向
1856,2室1厅,99.1,低层,6,南北向
1857,2室1厅,68.63,中层,14,南向
1858,1室1厅,77.99,高层,26,南向
1859,2室1厅,122.36,低层,12,南北向
1860,2室2厅,100.87,中层,6,南北向
1861,5室2厅,196.68,高层,4,南北向
1862,2室2厅,119.39,高层,6,南北向
1863,3室2厅,133.0,高层,28,南北向
1864,2室2厅,89.69,中层,28,南北向
1865,1室1厅,43.83,高层,7,南向
1866,2室1厅,55.24,高层,8,西南向
1867,2室1厅,105.04,中层,28,南向
1868,2室2厅,113.83,低层,11,南北向
1869,3室2厅,131.48,中层,28,南向
1870,2室1厅,73.84,中层,7,南北向
1871,2室1厅,92.79,中层,28,西南向
1872,1室1厅,34.59,中层,7,东向
1873,2室1厅,88.8,低层,27,东南向
1874,2室1厅,49.2,高层,10,西向
1875,2室1厅,77.82,高层,33,南向
1876,1室1厅,51.65,低层,14,南向
1877,1室1厅,36.24,低层,7,东向
1878,1室1厅,50.88,中层,8,北向
1879,2室2厅,113.83,低层,11,南北向
1880,2室2厅,88.97,中层,5,南北向
1881,1室1厅,53.0,低层,7,南北向
1882,2室2厅,89.61,高层,6,南北向
1883,2室2厅,103.0,高层,11,南北向
1884,2室1厅,113.83,高层,11,南北向
1885,2室1厅,103.76,低层,7,南北向
1886,3室2厅,129.18,低层,11,南北向
1887,3室2厅,103.15,高层,7,南北向
1888,3室2厅,208.21,中层,27,南北向
1889,2室1厅,60.37,高层,6,东南向
1890,3室2厅,112.26,低层,6,南北向
1891,3室2厅,137.26,高层,33,南北向
1892,1室1厅,26.35,中层,7,东向
1893,1室1厅,90.08,中层,11,南向
1894,2室1厅,88.63,中层,28,南北向
1895,2室1厅,89.06,中层,20,东南向
1896,1室1厅,55.92,中层,14,北向
1897,2室2厅,88.63,中层,28,南向
1898,2室2厅,110.28,中层,7,西北向
1899,2室1厅,117.7,高层,12,南北向
1900,3室2厅,165.07,中层,5,南北向
1901,1室1厅,48.7,中层,10,东向
1902,3室2厅,114.96,中层,7,南北向
1903,2室1厅,96.59,高层,33,南北向
1904,2室2厅,117.73,中层,7,南北向
1905,1室1厅,45.37,中层,7,西南向
1906,2室2厅,110.66,高层,6,南北向
1907,2室1厅,94.19,中层,25,南北向
1908,2室1厅,108.86,高层,30,南北向
1909,2室1厅,124.29,低层,25,南北向
1910,1室1厅,49.2,中层,10,西向
1911,3室2厅,139.18,高层,11,南北向
1912,2室1厅,107.54,高层,25,南北向
1913,3室1厅,89.05,中层,14,南北向
1914,2室1厅,74.57,高层,9,南向
1915,1室1厅,42.41,低层,33,北向
1916,1室1厅,33.92,高层,8,南向
1917,1室1厅,41.97,高层,6,南向
1918,3室1厅,127.76,中层,11,南北向
1919,2室1厅,56.08,中层,7,南北向
1920,2室1厅,53.7,中层,8,西向
1921,2室1厅,98.28,高层,7,南向
1922,2室1厅,59.19,中层,6,南北向
1923,1室1厅,49.2,高层,10,南向
1924,2室1厅,89.39,中层,28,南北向
1925,2室1厅,65.11,低层,6,南北向
1926,1室1厅,34.59,高层,7,西向
1927,4室2厅,164.98,中层,5,南北向
1928,2室2厅,108.43,高层,9,南北向
1929,2室1厅,63.94,高层,7,东南向
1930,1室1厅,49.2,中层,10,东向
1931,3室2厅,122.27,低层,25,南北向
1932,1室1厅,38.64,中层,8,东向
1933,2室1厅,89.74,中层,33,南向
1934,2室1厅,99.09,中层,7,南北向
1935,2室1厅,86.6,中层,34,南北向
1936,2室2厅,137.9,低层,23,东南向
1937,2室2厅,125.65,中层,15,南北向
1938,3室1厅,127.57,低层,28,南北向
1939,1室1厅,50.24,低层,10,北向
1940,1室1厅,49.01,高层,10,南向
1941,2室1厅,87.74,中层,27,南向
1942,1室1厅,39.85,中层,8,西向
1943,2室1厅,94.89,高层,18,南向
1944,2室1厅,59.72,顶层,6,南北向
1945,2室1厅,60.0,低层,6,南北向
1946,2室1厅,59.61,低层,6,南北向
1947,2室1厅,109.43,低层,11,南北向
1948,4室3厅,177.01,高层,5,南北向
1949,1室1厅,49.2,低层,10,南向
1950,5室2厅,260.33,高层,23,南北向
1951,1室1厅,38.19,中层,7,东向
1952,1室1厅,53.46,高层,14,北向
1953,2室2厅,72.87,高层,7,南北向
1954,1室1厅,34.96,低层,7,东向
1955,2室2厅,113.83,低层,11,南北向
1956,1室1厅,35.9,中层,8,西北向
1957,1室1厅,42.18,中层,6,西南向
1958,1室1厅,48.71,高层,10,东向
1959,2室1厅,107.54,高层,25,南北向
1960,2室1厅,48.83,高层,10,南向
1961,1室1厅,55.97,高层,6,南向
1962,4室2厅,173.4,中层,26,南北向
1963,2室1厅,55.4,高层,6,东向
1964,3室2厅,112.51,低层,18,南北向
1965,1室1厅,50.66,低层,10,南向
1966,2室1厅,55.92,中层,14,北向
1967,2室1厅,55.65,高层,7,南北向
1968,1室1厅,43.96,低层,7,东向
1969,1室1厅,37.54,中层,8,西向
1970,2室1厅,85.89,低层,17,南北向
1971,1室1厅,34.59,中层,7,西向
1972,2室2厅,101.95,高层,6,南北向
1973,1室1厅,33.75,低层,7,北向
1974,1室1厅,39.56,高层,8,南向
1975,1室1厅,24.17,中层,8,东向
1976,2室2厅,103.73,高层,11,南北向
1977,3室1厅,103.46,中层,6,南北向
1978,3室1厅,152.01,中层,7,南北向
1979,1室1厅,24.25,低层,8,北向
1980,2室2厅,117.54,低层,10,南北向
1981,1室1厅,48.55,中层,7,南北向
1982,3室2厅,232.26,中层,31,南北向
1983,1室1厅,77.99,高层,26,南北向
1984,4室2厅,223.19,高层,6,南北向
1985,1室1厅,51.65,低层,14,南向
1986,1室1厅,48.7,中层,10,南向
1987,2室1厅,89.01,低层,33,南向
1988,2室1厅,53.47,高层,7,南向
1989,4室1厅,205.75,高层,11,南北向
1990,1室1厅,54.01,高层,30,北向
1991,2室1厅,88.25,高层,18,南北向
1992,1室1厅,38.64,高层,8,东向
1993,3室2厅,146.73,低层,22,南北向
1994,1室1厅,34.86,中层,6,西向
1995,2室1厅,70.88,低层,28,南向
1996,2室1厅,82.48,高层,7,南北向
1997,2室1厅,110.0,低层,7,南北向
1998,2室1厅,62.32,中层,7,东西向
1999,1室1厅,34.59,中层,7,西向
2000,2室2厅,89.69,高层,28,南向
2001,1室1厅,50.76,中层,10,西向
2002,2室1厅,57.16,中层,7,西向
2003,1室1厅,40.51,高层,7,南向
2004,2室1厅,83.96,高层,7,南北向
2005,3室2厅,146.06,高层,11,南向
2006,2室1厅,52.36,低层,7,东西向
2007,2室1厅,87.43,中层,33,南向
2008,1室1厅,29.12,高层,8,南向
2009,2室2厅,102.23,中层,11,东南向
2010,1室1厅,35.37,低层,6,南向
2011,1室2厅,93.58,高层,11,南向
2012,1室1厅,39.56,中层,8,东向
2013,3室1厅,123.51,低层,11,南北向
2014,1室1厅,37.0,中层,6,东向
2015,3室2厅,165.75,中层,5,南北向
2016,2室1厅,90.19,高层,27,南北向
2017,1室1厅,37.67,高层,8,西向
2018,4室2厅,212.26,高层,28,南北向
2019,2室1厅,63.89,高层,6,南北向
2020,3室2厅,125.0,低层,24,南北向
2021,2室1厅,112.2,中层,25,南北向
2022,1室1厅,44.6,高层,7,东西向
2023,2室1厅,48.58,中层,8,南向
2024,2室2厅,89.39,中层,28,南北向
2025,2室1厅,110.0,低层,7,南北向
2026,3室2厅,89.57,顶层,5,南北向
2027,2室1厅,138.31,高层,18,南向
2028,4室2厅,223.19,高层,6,南北向
2029,2室2厅,91.5,低层,7,南向
2030,2室1厅,55.23,中层,14,北向
2031,2室1厅,90.3,高层,27,南北向
2032,3室2厅,146.31,高层,27,南北向
2033,4室3厅,177.01,高层,5,南北向
2034,3室1厅,133.65,低层,9,南北向
2035,1室1厅,37.02,高层,7,东向
2036,1室1厅,46.34,顶层,6,南北向
2037,3室1厅,99.79,中层,14,南北向
2038,2室1厅,64.75,低层,6,东西向
2039,1室1厅,50.38,低层,10,南向
2040,2室1厅,89.2,低层,28,南向
2041,2室1厅,50.35,高层,7,东西向
2042,2室2厅,93.24,高层,6,南北向
2043,2室1厅,60.96,高层,8,南北向
2044,1室1厅,49.01,中层,10,西向
2045,3室1厅,137.33,中层,27,南北向
2046,2室1厅,121.05,中层,12,南北向
2047,1室1厅,51.65,低层,14,南向
2048,3室2厅,131.01,低层,32,东南向
2049,2室2厅,88.19,低层,27,南向
2050,2室1厅,93.35,中层,6,南北向
2051,2室1厅,61.8,中层,7,东西向
2052,2室2厅,114.14,中层,19,南北向
2053,4室2厅,171.0,高层,28,南北向
2054,4室2厅,137.37,低层,7,南北向
2055,2室1厅,70.16,低层,10,南北向
2056,3室2厅,156.21,中层,33,南向
2057,2室1厅,116.24,低层,25,南向
2058,1室1厅,35.06,高层,8,北向
2059,2室1厅,89.34,高层,28,南北向
2060,1室1厅,32.46,高层,6,南向
2061,2室2厅,119.84,中层,13,南北向
2062,2室2厅,97.74,中层,7,南北向
2063,2室1厅,101.45,高层,32,西南向
2064,2室2厅,99.39,中层,6,南北向
2065,2室1厅,104.69,中层,7,南北向
2066,1室1厅,35.11,中层,8,西向
2067,2室1厅,59.2,中层,6,南北向
2068,3室1厅,123.5,高层,25,西南北向
2069,2室1厅,58.59,中层,8,南北向
2070,2室1厅,49.48,中层,10,北向
2071,3室1厅,117.97,低层,19,南北向
2072,2室2厅,89.61,高层,6,南北向
2073,1室1厅,34.42,中层,8,东向
2074,4室1厅,127.21,中层,7,南北向
2075,2室1厅,111.3,低层,12,南向
2076,2室1厅,55.05,中层,8,北向
2077,1室1厅,49.01,中层,10,西向
2078,2室1厅,49.66,低层,10,东向
2079,2室2厅,118.46,中层,20,南北向
2080,2室1厅,57.59,中层,8,南北向
2081,2室1厅,69.71,低层,7,南北向
2082,1室1厅,50.53,中层,10,南向
2083,3室2厅,159.04,中层,11,南向
2084,3室2厅,136.7,低层,30,南北向
2085,1室1厅,36.65,高层,7,西向
2086,3室2厅,97.03,低层,26,南北向
2087,2室1厅,56.15,中层,7,西向
2088,2室1厅,51.11,中层,7,东西向
2089,2室1厅,54.75,高层,8,南北向
2090,2室1厅,78.91,中层,7,南北向
2091,2室1厅,73.51,中层,7,南北向
2092,3室1厅,88.37,低层,10,东西向
2093,2室1厅,37.03,中层,8,南北向
2094,5室2厅,260.33,高层,23,南北向
2095,1室1厅,48.71,低层,10,南向
2096,3室2厅,164.16,中层,28,东南向
2097,2室1厅,104.91,低层,6,南北向
2098,1室1厅,36.79,高层,7,南向
2099,2室1厅,55.48,高层,8,西向
2100,2室1厅,64.28,中层,7,东西向
2101,3室2厅,102.02,高层,7,南北向
2102,3室2厅,143.76,高层,9,南北向
2103,1室1厅,38.23,高层,7,南向
2104,4室2厅,255.79,高层,31,南北向
2105,2室2厅,112.69,低层,11,南北向
2106,1室1厅,53.46,高层,14,北向
2107,2室1厅,104.95,高层,6,南北向
2108,2室1厅,41.28,中层,8,东向
2109,1室1厅,61.01,中层,25,南向
2110,2室1厅,58.44,中层,7,南向
2111,2室1厅,102.97,高层,6,西北向
2112,3室2厅,142.27,低层,16,南北向
2113,1室1厅,40.88,低层,8,东向
2114,1室1厅,50.99,低层,30,北向
2115,1室1厅,42.77,中层,7,东向
2116,2室1厅,90.49,低层,18,南北向
2117,1室1厅,44.32,中层,6,南向
2118,1室1厅,51.65,中层,14,南向
2119,1室1厅,38.74,中层,7,东向
2120,3室2厅,142.17,低层,27,南北向
2121,2室1厅,36.13,高层,5,南北向
2122,2室1厅,88.29,低层,27,南向
2123,1室1厅,37.12,高层,8,南向
2124,3室1厅,131.32,高层,22,南北向
2125,3室2厅,156.0,低层,33,南北向
2126,2室1厅,108.52,高层,11,南北向
2127,2室2厅,89.34,高层,28,南北向
2128,4室2厅,248.95,高层,19,西北向
2129,2室1厅,49.35,中层,10,北向
2130,3室1厅,141.86,低层,12,南北向
2131,2室2厅,110.28,高层,7,南北向
2132,2室1厅,69.94,低层,11,南北向
2133,1室1厅,37.08,高层,8,南向
2134,3室2厅,122.2,高层,11,南北向
2135,1室1厅,39.73,中层,7,南向
2136,2室1厅,41.2,高层,7,北向
2137,3室1厅,99.79,高层,14,南北向
2138,2室1厅,72.74,中层,10,南北向
2139,1室1厅,37.02,中层,7,西向
2140,2室1厅,81.18,高层,6,南向
2141,1室1厅,38.06,中层,7,南向
2142,1室1厅,39.85,中层,8,东向
2143,2室1厅,115.51,中层,7,南向
2144,1室1厅,35.17,中层,6,西向
2145,1室1厅,48.83,低层,10,南向
2146,1室1厅,65.92,低层,26,南北向
2147,3室2厅,131.08,高层,11,南北向
2148,1室1厅,51.65,高层,14,南向
2149,1室1厅,62.95,低层,21,西向
2150,3室2厅,133.92,低层,33,南北向
2151,2室2厅,77.32,中层,6,东西向
2152,3室2厅,181.75,中层,11,南北向
2153,2室1厅,88.81,中层,26,北向
2154,1室1厅,90.08,中层,11,南向
2155,2室1厅,113.83,低层,11,南北向
2156,2室1厅,99.22,低层,17,南北向
2157,1室1厅,74.8,中层,31,南向
2158,1室1厅,48.82,中层,22,南向
2159,2室2厅,115.11,中层,7,南北向
2160,1室1厅,38.5,高层,7,东向
2161,2室1厅,76.16,中层,10,西向
2162,2室2厅,88.81,中层,26,北向
2163,2室1厅,56.27,中层,7,南北向
2164,1室1厅,51.65,低层,14,南向
2165,1室1厅,38.57,高层,8,东向
2166,1室1厅,48.82,中层,22,南向
2167,2室1厅,63.89,高层,6,南北向
2168,1室1厅,48.71,低层,10,东向
2169,2室1厅,101.33,低层,6,南北向
2170,1室1厅,49.01,中层,10,南向
2171,1室1厅,38.96,中层,8,南向
2172,1室1厅,50.66,中层,10,南向
2173,1室1厅,34.93,高层,7,西向
2174,1室1厅,48.83,中层,10,南向
2175,2室1厅,111.2,高层,6,南北向
2176,1室1厅,43.83,高层,7,南向
2177,2室1厅,49.39,顶层,6,南北向
2178,1室1厅,35.53,高层,8,西向
2179,1室1厅,49.01,中层,10,西向
2180,2室1厅,81.23,中层,6,南北向
2181,1室1厅,35.99,中层,8,东向
2182,2室2厅,76.15,高层,6,南北向
2183,2室1厅,79.86,低层,6,南北向
2184,3室2厅,146.06,中层,11,南北向
2185,2室1厅,49.85,中层,10,西向
2186,2室1厅,54.1,中层,8,东向
2187,1室1厅,36.8,高层,7,东南向
2188,2室1厅,106.59,低层,13,东西向
2189,2室1厅,68.85,中层,8,南北向
2190,3室1厅,109.93,中层,6,南北向
2191,2室1厅,87.43,低层,33,南向
2192,1室1厅,34.87,中层,7,西向
2193,1室1厅,48.51,中层,22,北向
2194,2室1厅,101.29,高层,24,南向
2195,3室2厅,144.3,中层,11,南北向
2196,2室1厅,97.89,中层,7,南北向
2197,2室1厅,66.42,低层,6,南北向
2198,1室1厅,36.7,低层,7,南向
2199,2室1厅,44.11,中层,5,南向
2200,1室1厅,40.23,高层,7,南北向
2201,4室2厅,172.29,低层,28,南北向
2202,2室2厅,86.87,低层,18,南北向
2203,2室1厅,93.43,高层,33,南北向
2204,1室1厅,38.64,中层,8,西向
2205,1室1厅,45.65,低层,6,南向
2206,2室1厅,105.76,高层,18,南北向
2207,1室1厅,35.06,中层,8,南向
2208,2室1厅,50.56,高层,8,西向
2209,2室1厅,58.07,顶层,6,西向
2210,2室1厅,91.5,低层,7,南北向
2211,2室1厅,112.12,中层,7,西南向
2212,1室1厅,51.26,高层,20,西北向
2213,4室2厅,173.4,中层,26,南北向
2214,1室1厅,38.33,高层,8,东向
2215,2室1厅,96.09,高层,29,南北向
2216,1室1厅,50.53,中层,10,南向
2217,1室1厅,25.43,中层,7,东向
2218,2室2厅,84.16,中层,18,南北向
2219,3室3厅,182.33,高层,7,南北向
2220,1室1厅,60.34,中层,11,南北向
2221,3室1厅,117.99,中层,5,南北向
2222,1室2厅,93.58,高层,11,南向
2223,1室1厅,49.2,低层,10,南向
2224,1室1厅,24.17,中层,8,东向
2225,2室1厅,41.8,中层,8,东向
2226,1室1厅,50.09,中层,20,东南向
2227,2室1厅,56.43,中层,8,东向
2228,2室1厅,56.97,高层,6,南向
2229,1室1厅,34.93,高层,7,西向
2230,3室2厅,131.48,中层,28,南向
2231,2室1厅,63.89,高层,6,南北向
2232,2室1厅,74.54,低层,26,东南向
2233,3室2厅,156.21,中层,33,南向
2234,1室1厅,49.2,低层,10,南向
2235,1室1厅,34.93,高层,7,西向
2236,2室1厅,128.38,高层,32,西向
2237,2室1厅,82.23,中层,27,西北向
2238,1室1厅,43.02,高层,6,南向
2239,1室1厅,46.41,高层,8,北向
2240,2室1厅,76.34,高层,7,南向
2241,1室1厅,23.23,高层,7,南北向
2242,3室2厅,168.94,中层,15,南北向
2243,2室1厅,106.36,高层,11,南向
2244,2室1厅,54.1,中层,8,南向
2245,1室1厅,32.76,中层,7,东向
2246,1室1厅,35.99,中层,8,东向
2247,2室2厅,90.3,中层,27,南向
2248,1室1厅,34.31,高层,8,南向
2249,3室2厅,128.26,高层,6,南北向
2250,2室1厅,63.55,高层,8,东西向
2251,2室1厅,84.58,高层,6,南北向
2252,1室1厅,68.5,高层,6,南向
2253,2室1厅,107.54,高层,25,南北向
2254,2室1厅,54.1,中层,8,西向
2255,2室1厅,78.33,中层,6,南北向
2256,2室1厅,59.13,高层,5,西北向
2257,1室1厅,36.85,中层,8,东向
2258,2室1厅,72.76,高层,6,南向
2259,1室1厅,49.01,高层,10,南向
2260,4室1厅,159.39,中层,5,南北向
2261,2室1厅,58.13,高层,7,东西向
2262,1室1厅,37.55,中层,8,西向
2263,2室2厅,96.09,中层,29,南北向
2264,1室1厅,51.65,低层,14,南向
2265,3室1厅,122.27,低层,11,南北向
2266,2室2厅,103.0,中层,11,南北向
2267,2室2厅,110.98,高层,28,南北向
2268,3室2厅,155.67,中层,10,南北向
2269,4室2厅,184.79,高层,22,南北向
2270,1室1厅,35.9,中层,7,东向
2271,2室1厅,79.32,中层,7,南北向
2272,2室2厅,132.96,中层,25,南北向
2273,2室1厅,54.1,高层,8,西向
2274,4室2厅,218.29,中层,9,南北向
2275,1室1厅,49.2,高层,10,南向
2276,1室1厅,55.92,中层,14,北向
2277,1室1厅,33.75,低层,7,北向
2278,1室1厅,49.2,中层,10,西向
2279,4室2厅,173.34,低层,27,南北向
2280,2室1厅,88.05,低层,26,南向
2281,2室1厅,70.5,中层,6,南北向
2282,2室1厅,62.95,高层,5,西南向
2283,3室2厅,136.55,中层,17,北向
2284,3室2厅,176.06,低层,28,南北向
2285,2室1厅,31.54,中层,6,南北向
2286,1室1厅,49.01,中层,10,西向
2287,1室1厅,40.56,中层,8,西南向
2288,2室1厅,89.01,低层,26,南北向
2289,2室1厅,107.54,高层,25,南北向
2290,2室1厅,91.55,低层,6,南北向
2291,2室1厅,84.7,高层,6,南北向
2292,2室1厅,87.51,低层,7,南北向
2293,1室1厅,53.17,中层,7,南向
2294,2室1厅,55.64,中层,8,西向
2295,2室2厅,99.41,高层,19,南北向
2296,3室2厅,90.0,高层,11,南北向
2297,2室1厅,56.43,中层,8,东向
2298,3室1厅,122.27,低层,11,南北向
2299,1室1厅,51.65,低层,14,南向
2300,2室1厅,95.38,高层,11,南向
2301,3室2厅,143.72,中层,11,南向
2302,1室1厅,35.31,中层,6,北向
2303,2室1厅,45.75,中层,7,西北向
2304,2室2厅,88.67,低层,26,南北向
2305,2室1厅,59.19,高层,7,南北向
2306,2室1厅,113.83,中层,11,南北向
2307,1室1厅,37.96,高层,7,东向
2308,2室1厅,49.48,中层,10,北向
2309,1室1厅,57.99,高层,30,北向
2310,3室2厅,129.01,低层,33,南向
2311,2室2厅,93.7,高层,6,南北向
2312,2室2厅,110.15,中层,7,南北向
2313,2室1厅,48.69,中层,8,东向
2314,2室1厅,90.78,中层,18,南北向
2315,2室1厅,66.0,中层,5,南向
2316,3室2厅,147.43,低层,27,南北向
2317,2室1厅,124.29,中层,25,南北向
2318,1室2厅,93.58,高层,11,南向
2319,1室1厅,38.05,中层,7,南向
2320,3室2厅,146.01,中层,28,南北向
2321,3室2厅,146.73,低层,22,南北向
2322,1室1厅,36.11,中层,8,东向
2323,2室1厅,79.4,高层,6,南北向
2324,1室1厅,34.87,中层,7,东向
2325,2室1厅,94.56,高层,6,南北向
2326,1室1厅,49.14,低层,6,南向
2327,2室1厅,51.08,中层,8,南向
2328,1室2厅,37.17,低层,6,南向
2329,1室1厅,44.68,高层,7,东向
2330,3室2厅,137.26,低层,33,南北向
2331,3室2厅,223.19,中层,6,西北向
2332,1室1厅,51.65,低层,14,南向
2333,2室1厅,55.97,高层,8,南北向
2334,2室1厅,92.7,低层,6,南北向
2335,2室1厅,56.79,低层,6,东向
2336,2室1厅,79.32,中层,7,南北向
2337,1室1厅,49.2,高层,10,东向
2338,3室1厅,132.96,高层,28,南向
2339,2室1厅,56.92,中层,8,东西向
2340,3室2厅,210.4,高层,10,南北向
2341,2室1厅,49.34,低层,10,北向
2342,2室1厅,68.93,高层,6,南向
2343,1室1厅,39.85,中层,8,东向
2344,2室2厅,131.15,中层,6,南北向
2345,2室1厅,49.39,顶层,6,南北向
2346,1室1厅,73.23,中层,17,南向
2347,3室2厅,161.56,低层,6,南北向
2348,3室2厅,121.94,低层,12,南向
2349,2室1厅,142.88,高层,7,北向
2350,2室1厅,61.72,低层,8,北向
2351,3室1厅,108.41,中层,7,南向
2352,2室1厅,65.65,低层,6,南向
2353,1室1厅,38.71,中层,6,西向
2354,2室1厅,107.48,中层,29,南北向
2355,3室2厅,131.43,中层,7,南北向
2356,2室1厅,149.59,中层,5,南北向
2357,1室1厅,24.89,中层,8,西向
2358,1室1厅,50.25,高层,10,北向
2359,3室2厅,135.58,中层,12,东南向
2360,1室1厅,30.27,高层,6,南向
2361,2室1厅,68.63,中层,14,南向
2362,2室1厅,63.36,高层,5,南北向
2363,2室2厅,99.24,高层,6,南北向
2364,2室1厅,41.28,中层,8,东向
2365,1室1厅,38.8,中层,7,西北向
2366,3室2厅,137.11,顶层,7,东西向
2367,2室2厅,103.41,中层,6,南北向
2368,1室1厅,50.35,低层,22,南向
2369,2室2厅,104.41,高层,11,南北向
2370,1室1厅,35.31,中层,6,北向
2371,1室1厅,21.74,低层,8,西向
2372,2室2厅,39.16,高层,8,东向
2373,1室1厅,49.2,高层,10,南向
2374,2室1厅,91.94,中层,19,南北向
2375,2室1厅,115.28,低层,23,南向
2376,1室1厅,33.97,中层,7,东向
2377,2室1厅,99.88,低层,18,南北向
2378,2室1厅,55.23,高层,14,北向
2379,2室1厅,47.7,高层,6,西北向
2380,2室1厅,57.28,高层,6,西南向
2381,3室2厅,238.43,低层,45,南北向
2382,3室2厅,117.0,中层,26,南向
2383,2室1厅,57.07,高层,7,南北向
2384,2室2厅,97.44,顶层,6,南向
2385,1室1厅,93.58,高层,11,南北向
2386,2室1厅,83.49,高层,6,东西向
2387,3室2厅,223.38,中层,12,南北向
2388,3室2厅,165.98,低层,57,南向
2389,4室1厅,177.86,中层,6,南北向
2390,2室1厅,49.85,中层,10,东向
2391,2室1厅,71.0,高层,11,南北向
2392,4室2厅,183.61,高层,11,南北向
2393,2室1厅,57.3,低层,6,南向
2394,2室1厅,82.13,顶层,25,南向
2395,2室1厅,90.27,中层,9,南向
2396,2室2厅,75.67,低层,10,东西向
2397,3室1厅,89.0,高层,18,南北向
2398,3室2厅,122.97,低层,22,南北向
2399,3室2厅,140.14,高层,24,南北向
2400,3室2厅,154.0,中层,9,南北向
2401,2室1厅,58.6,低层,6,南北向
2402,2室2厅,124.47,高层,15,东西向
2403,2室1厅,104.62,高层,6,南北向
2404,3室2厅,101.95,高层,6,南北向
2405,3室1厅,128.49,中层,11,西北向
2406,2室1厅,122.24,中层,11,南北向
2407,2室1厅,73.58,高层,7,东向
2408,2室2厅,98.39,中层,56,南向
2409,3室2厅,167.81,中层,7,南北向
2410,3室2厅,144.0,高层,22,南向
2411,2室1厅,84.42,顶层,6,南北向
2412,3室2厅,110.86,高层,17,南向
2413,3室2厅,143.11,高层,10,南北向
2414,2室1厅,113.83,中层,11,南北向
2415,2室1厅,93.79,顶层,6,西南向
2416,1室1厅,65.0,低层,12,南向
2417,2室1厅,96.0,高层,23,南向
2418,2室2厅,112.0,中层,4,南北向
2419,2室1厅,105.0,高层,7,南北向
2420,3室2厅,92.22,中层,30,南北向
2421,3室2厅,137.96,低层,8,南北向
2422,2室1厅,113.83,高层,11,南北向
2423,2室2厅,124.47,中层,15,东西向
2424,2室2厅,93.2,顶层,28,南北向
2425,3室2厅,160.09,中层,21,南北向
2426,2室1厅,70.89,中层,6,南北向
2427,2室1厅,113.83,低层,11,南北向
2428,2室2厅,91.38,中层,27,南向
2429,3室2厅,157.48,中层,18,南北向
2430,2室2厅,108.2,高层,6,西向
2431,2室1厅,58.51,中层,6,南北向
2432,3室2厅,168.62,中层,11,南北向
2433,2室1厅,106.59,中层,13,西向
2434,4室2厅,258.07,高层,31,南北向
2435,2室1厅,107.86,顶层,6,南北向
2436,1室1厅,34.34,高层,6,北向
2437,2室1厅,55.91,高层,7,南北向
2438,2室2厅,85.72,中层,53,东向
2439,3室1厅,75.41,顶层,6,南北向
2440,2室1厅,79.71,中层,21,东向
2441,3室2厅,179.25,高层,22,南北向
2442,1室1厅,34.59,高层,7,东向
2443,1室1厅,35.41,低层,7,东向
2444,2室1厅,81.67,高层,6,南北向
2445,1室1厅,36.73,高层,6,东向
2446,2室1厅,65.29,中层,6,南北向
2447,4室2厅,230.21,高层,27,西北向
2448,4室2厅,290.19,中层,33,南北向
2449,2室1厅,63.92,高层,7,东南向
2450,3室2厅,124.6,低层,6,南北向
2451,1室1厅,43.5,中层,6,东向
2452,1室1厅,44.15,高层,6,东向
2453,2室1厅,80.97,高层,7,南北向
2454,2室1厅,74.43,中层,6,南北向
2455,2室1厅,92.86,高层,33,南向
2456,3室2厅,192.34,高层,19,西北向
2457,1室1厅,42.93,高层,7,东西向
2458,3室2厅,106.71,中层,25,南北向
2459,4室2厅,224.13,低层,31,南北向
2460,3室2厅,105.11,低层,7,南北向
2461,2室1厅,80.27,低层,22,东北向
2462,3室2厅,101.27,低层,8,南北向
2463,2室1厅,62.95,低层,21,西南向
2464,2室1厅,59.7,高层,6,南北向
2465,2室1厅,102.97,顶层,6,东北向
2466,3室2厅,125.53,中层,6,南北向
2467,3室2厅,126.04,中层,18,西南向
2468,2室1厅,92.97,高层,33,南北向
2469,3室1厅,114.91,中层,6,南北向
2470,4室2厅,298.75,中层,25,南北向
2471,2室2厅,156.06,低层,30,南北向
2472,4室2厅,186.52,高层,30,南北向
2473,3室1厅,151.63,低层,22,南向
2474,1室1厅,56.43,低层,18,南向
2475,3室2厅,148.53,低层,6,南北向
2476,2室1厅,98.36,高层,31,南向
2477,3室2厅,141.05,低层,6,南北向
2478,4室2厅,238.43,低层,45,南北向
2479,3室1厅,104.35,低层,17,南向
2480,2室1厅,54.65,中层,7,南北向
2481,2室2厅,96.52,中层,6,南北向
2482,2室1厅,60.17,中层,7,南北向
2483,2室2厅,83.22,中层,27,南向
2484,2室2厅,129.18,高层,11,南北向
2485,2室1厅,59.64,中层,8,南北向
2486,3室2厅,116.48,低层,17,西南向
2487,3室2厅,136.39,高层,22,西南向
2488,2室1厅,76.55,顶层,6,南北向
2489,2室1厅,71.12,高层,6,南北向
2490,2室1厅,106.88,中层,9,南向
2491,3室2厅,101.66,高层,8,南北向
2492,2室2厅,110.61,高层,9,南北向
2493,4室1厅,102.06,中层,4,南北向
2494,3室2厅,160.37,高层,6,南北向
2495,3室2厅,121.3,高层,7,南北向
2496,3室2厅,130.0,中层,11,南北向
2497,2室1厅,52.36,低层,7,东西向
2498,2室1厅,59.03,高层,7,南北向
2499,2室1厅,93.33,高层,33,南向
2500,3室2厅,103.0,高层,6,南北向
2501,2室1厅,83.64,顶层,6,南北向
2502,2室2厅,77.28,低层,25,南向
2503,3室2厅,153.52,低层,9,南北向
2504,2室1厅,99.79,低层,13,南北向
2505,4室2厅,182.34,高层,18,南北向
2506,4室2厅,256.09,高层,36,南北向
2507,2室1厅,66.71,中层,8,南北向
2508,1室1厅,38.35,高层,6,南向
2509,2室2厅,103.94,低层,15,南北向
2510,1室1厅,38.74,低层,7,南向
2511,2室1厅,93.69,中层,33,南北向
2512,3室1厅,89.42,低层,16,南北向
2513,3室1厅,121.84,低层,7,南北向
2514,3室2厅,228.8,高层,27,南北向
2515,3室2厅,105.79,低层,6,南北向
2516,2室1厅,110.39,高层,6,南北向
2517,2室1厅,92.09,低层,26,南向
2518,2室1厅,102.43,低层,6,南北向
2519,2室2厅,88.0,高层,30,南向
2520,3室2厅,99.48,高层,24,南北向
2521,2室1厅,120.0,中层,23,南向
2522,2室2厅,58.73,高层,6,南北向
2523,3室1厅,127.19,中层,21,南北向
2524,1室1厅,34.95,中层,8,西向
2525,3室2厅,129.01,低层,33,南向
2526,3室2厅,110.73,中层,22,南北向
2527,2室1厅,37.03,中层,8,南北向
2528,2室2厅,129.18,高层,11,南北向
2529,3室1厅,119.51,中层,8,南北向
2530,2室1厅,59.46,高层,7,南北向
2531,1室1厅,37.36,低层,6,北向
2532,3室2厅,143.53,中层,5,南北向
2533,3室2厅,88.19,中层,18,南北向
2534,2室1厅,64.02,中层,32,南北向
2535,3室2厅,129.77,低层,6,南向
2536,1室1厅,35.17,高层,6,西向
2537,4室2厅,138.99,中层,10,西北向
2538,2室2厅,89.99,高层,10,南向
2539,2室1厅,82.6,顶层,6,南北向
2540,2室1厅,100.3,中层,32,西向
2541,1室1厅,35.19,高层,8,西向
2542,2室1厅,63.13,中层,6,南北向
2543,1室1厅,32.91,中层,6,南向
2544,3室1厅,80.16,顶层,5,南北向
2545,3室2厅,100.32,低层,7,南北向
2546,3室2厅,132.92,高层,7,南北向
2547,2室1厅,62.95,低层,21,西南向
2548,3室2厅,133.81,顶层,25,南北向
2549,2室1厅,77.84,中层,18,南北向
2550,3室2厅,148.95,高层,26,南向
2551,1室1厅,44.02,中层,7,南向
2552,2室2厅,89.42,低层,18,南向
2553,2室2厅,114.41,高层,6,南北向
2554,2室1厅,90.56,高层,7,南向
2555,2室1厅,101.65,中层,5,南北向
2556,2室2厅,80.65,低层,18,南北向
2557,2室1厅,58.28,高层,6,南北向
2558,2室1厅,72.57,中层,17,南向
2559,2室1厅,100.01,高层,32,西北向
2560,1室1厅,36.58,中层,7,东南向
2561,3室2厅,165.03,低层,26,南北向
2562,1室1厅,35.22,中层,8,西向
2563,2室1厅,96.26,顶层,25,南北向
2564,3室2厅,158.3,顶层,9,南北向
2565,2室1厅,114.56,中层,30,南向
2566,2室1厅,91.64,高层,34,南向
2567,2室2厅,92.46,中层,18,南北向
2568,2室1厅,54.1,高层,8,东向
2569,3室2厅,89.56,高层,18,南北向
2570,2室1厅,78.76,低层,18,东向
2571,2室1厅,37.03,中层,8,南北向
2572,3室2厅,105.0,高层,8,南北向
2573,1室1厅,42.57,高层,7,东西向
2574,2室1厅,74.0,低层,6,南北向
2575,2室2厅,96.77,高层,22,南向
2576,3室2厅,123.81,高层,28,南北向
2577,3室2厅,129.9,中层,15,西北向
2578,2室2厅,94.71,高层,30,南北向
2579,1室1厅,54.58,中层,30,西向
2580,2室1厅,76.78,中层,6,南北向
2581,2室2厅,92.99,高层,33,南向
2582,3室2厅,137.53,中层,6,南北向
2583,2室1厅,66.32,中层,8,南北向
2584,2室1厅,94.53,低层,6,南北向
2585,1室1厅,40.24,高层,7,南向
2586,2室2厅,98.51,高层,6,南向
2587,2室2厅,99.43,中层,6,南北向
2588,2室2厅,90.18,高层,6,南北向
2589,3室2厅,96.54,顶层,28,南向
2590,3室2厅,136.74,中层,6,南北向
2591,3室2厅,177.24,低层,32,东南向
2592,3室1厅,119.53,低层,11,南北向
2593,3室1厅,186.04,高层,30,南向
2594,3室2厅,136.64,中层,13,南北向
2595,2室1厅,56.53,低层,6,南北向
2596,2室2厅,82.6,中层,6,南北向
2597,3室1厅,88.06,低层,6,南北向
2598,2室2厅,93.41,中层,5,南北向
2599,2室1厅,55.88,高层,6,南北向
2600,2室1厅,91.62,中层,7,南北向
2601,2室2厅,83.21,中层,10,南北向
2602,1室1厅,53.35,高层,26,南北向
2603,2室1厅,56.18,高层,7,东向
2604,2室1厅,94.33,低层,6,南北向
2605,1室1厅,38.64,中层,8,东向
2606,4室2厅,202.9,低层,7,南北向
2607,2室1厅,91.32,低层,18,南北向
2608,2室2厅,124.98,中层,9,南北向
2609,2室1厅,55.41,中层,5,南北向
2610,1室1厅,62.95,低层,21,西向
2611,2室1厅,47.63,中层,6,南北向
2612,3室2厅,133.03,高层,11,南北向
2613,3室2厅,146.74,中层,26,南北向
2614,2室2厅,112.51,中层,9,东西向
2615,3室2厅,134.67,高层,6,南北向
2616,1室1厅,58.71,低层,30,南向
2617,2室2厅,90.16,低层,18,南北向
2618,1室1厅,26.35,中层,7,东向
2619,2室1厅,94.64,高层,6,南北向
2620,1室1厅,35.9,中层,8,西北向
2621,3室2厅,132.98,低层,26,南北向
2622,2室1厅,115.54,中层,28,南北向
2623,4室2厅,171.28,顶层,25,南向
2624,3室2厅,87.96,中层,32,南向
2625,1室1厅,39.18,高层,7,东向
2626,2室1厅,88.63,中层,5,南北向
2627,3室2厅,166.12,高层,11,南北向
2628,2室1厅,69.74,低层,19,东南向
2629,2室2厅,120.46,高层,28,南北向
2630,2室1厅,86.63,中层,8,南北向
2631,3室2厅,96.49,低层,33,南北向
2632,2室2厅,131.15,中层,6,南北向
2633,4室2厅,165.94,高层,11,南北向
2634,1室1厅,35.06,高层,8,北向
2635,1室1厅,26.7,中层,6,东南向
2636,2室1厅,86.52,高层,6,南北向
2637,1室1厅,69.0,低层,32,南向
2638,3室2厅,141.71,中层,5,南北向
2639,2室1厅,74.22,低层,9,南北向
2640,2室1厅,103.74,高层,9,南北向
2641,2室2厅,127.51,高层,6,南北向
2642,2室2厅,99.74,中层,22,南向
2643,1室1厅,35.61,中层,6,西向
2644,2室1厅,90.64,中层,6,南北向
2645,2室1厅,80.18,中层,8,南北向
2646,2室1厅,33.97,高层,5,南北向
2647,3室2厅,130.09,高层,33,南向
2648,2室1厅,90.8,中层,5,南向
2649,3室2厅,143.03,中层,6,南北向
2650,1室1厅,39.09,中层,6,西向
2651,1室1厅,46.67,低层,6,东向
2652,2室1厅,82.0,高层,22,东西向
2653,2室2厅,69.8,中层,32,南向
2654,2室1厅,60.52,中层,6,南向
2655,1室1厅,35.9,高层,7,东向
2656,3室1厅,103.9,中层,25,南北向
2657,3室1厅,107.18,中层,18,南北向
2658,2室1厅,80.18,中层,8,南北向
2659,3室2厅,170.62,低层,6,南北向
2660,3室1厅,82.8,中层,6,南向
2661,1室1厅,45.31,高层,7,南向
2662,3室2厅,133.81,高层,25,南北向
2663,3室1厅,117.17,中层,10,南北向
2664,2室1厅,90.58,高层,18,南向
2665,3室2厅,132.92,低层,7,南北向
2666,1室1厅,34.65,低层,7,东向
2667,3室2厅,120.0,中层,18,南北向
2668,2室1厅,99.46,中层,6,南北向
2669,2室2厅,108.06,中层,15,南北向
2670,4室2厅,205.73,中层,28,南北向
2671,2室1厅,83.43,高层,11,南北向
2672,3室2厅,124.75,中层,33,东南向
2673,1室1厅,56.34,高层,11,南向
2674,2室1厅,82.24,中层,13,南北向
2675,2室2厅,105.75,中层,6,南北向
2676,1室1厅,68.1,低层,18,东向
2677,3室2厅,103.11,高层,26,南北向
2678,1室1厅,73.11,高层,56,东向
2679,2室1厅,54.75,高层,8,南北向
2680,2室1厅,59.85,中层,5,南北向
2681,3室2厅,142.39,中层,17,南北向
2682,3室1厅,131.32,高层,22,南北向
2683,1室1厅,37.59,低层,6,东北向
2684,5室2厅,335.78,中层,11,南向
2685,2室2厅,124.47,中层,15,东西向
2686,2室2厅,104.84,低层,6,南北向
2687,2室1厅,62.64,中层,6,南北向
2688,2室1厅,90.64,中层,6,南北向
2689,1室1厅,62.95,低层,21,东向
2690,3室1厅,91.94,中层,18,南北向
2691,2室1厅,51.03,中层,6,北向
2692,2室2厅,92.0,低层,33,南北向
2693,2室1厅,58.12,低层,6,南北向
2694,1室0厅,47.56,高层,32,南北向
2695,3室2厅,252.05,中层,7,南北向
2696,2室1厅,108.34,低层,48,南向
2697,3室2厅,147.48,低层,26,南北向
2698,1室1厅,55.41,高层,5,南向
2699,3室1厅,80.34,中层,6,南北向
2700,2室1厅,71.02,高层,27,南北向
2701,2室1厅,101.88,中层,11,南向
2702,2室2厅,90.52,中层,17,南北向
2703,2室1厅,92.85,中层,33,南北向
2704,2室2厅,75.5,中层,6,南向
2705,3室2厅,92.17,高层,7,南北向
2706,3室2厅,156.22,中层,17,南北向
2707,2室2厅,72.03,低层,32,南北向
2708,2室1厅,86.13,低层,21,南向
2709,2室1厅,38.27,中层,8,西南向
2710,2室1厅,88.2,高层,30,南向
2711,2室2厅,101.37,高层,6,南北向
2712,1室1厅,65.9,高层,28,西北向
2713,3室2厅,163.27,高层,18,南北向
2714,2室1厅,88.38,高层,23,南向
2715,3室1厅,74.8,高层,6,南北向
2716,1室1厅,53.3,中层,30,西向
2717,2室2厅,96.59,中层,33,南北向
2718,1室1厅,39.35,低层,7,南向
2719,1室1厅,74.1,低层,34,南向
2720,2室1厅,91.74,高层,31,南向
2721,2室1厅,85.5,中层,6,南北向
2722,2室1厅,99.98,中层,12,南北向
2723,2室1厅,88.15,中层,10,南北向
2724,1室1厅,32.91,低层,6,南向
2725,4室1厅,164.62,低层,18,南北向
2726,3室2厅,123.45,高层,11,南北向
2727,2室1厅,85.53,低层,29,南北向
2728,2室2厅,110.1,高层,6,西南向
2729,3室1厅,127.1,低层,29,南北向
2730,2室1厅,91.55,高层,6,南北向
2731,2室1厅,64.17,低层,6,南北向
2732,1室1厅,49.11,中层,11,东向
2733,4室2厅,142.65,中层,26,东南向
2734,3室1厅,126.48,高层,7,南北向
2735,2室1厅,73.49,高层,7,南北向
2736,3室2厅,156.61,中层,5,南北向
2737,2室2厅,125.23,中层,24,南北向
2738,1室1厅,35.55,中层,7,南北向
2739,1室1厅,58.71,高层,30,南向
2740,3室2厅,123.25,中层,8,南北向
2741,3室1厅,133.26,中层,7,南北向
2742,2室2厅,92.35,低层,27,南北向
2743,3室2厅,57.88,低层,24,南向
2744,2室2厅,116.27,中层,7,南北向
2745,2室2厅,106.97,中层,7,东西向
2746,1室1厅,39.56,中层,8,南向
2747,1室1厅,43.78,低层,8,西向
2748,2室2厅,103.66,中层,8,南北向
2749,1室1厅,51.65,低层,14,南向
2750,4室2厅,157.96,高层,6,南北向
2751,2室1厅,104.5,低层,42,南北向
2752,2室1厅,60.93,低层,6,南北向
2753,3室2厅,96.8,中层,11,南北向
2754,2室1厅,58.42,低层,6,东西向
2755,1室1厅,65.9,低层,28,东北向
2756,2室1厅,110.39,高层,6,南北向
2757,3室2厅,119.09,中层,11,南北向
2758,2室2厅,87.63,高层,10,南北向
2759,2室1厅,56.61,中层,6,南北向
2760,3室2厅,93.22,高层,10,南北向
2761,2室1厅,97.17,低层,16,南北向
2762,2室1厅,57.74,高层,7,南向
2763,3室2厅,128.57,低层,10,南北向
2764,1室1厅,40.58,高层,6,南向
2765,2室1厅,83.18,高层,7,南向
2766,5室3厅,179.97,中层,11,南北向
2767,2室1厅,106.59,中层,13,西向
2768,4室2厅,161.99,低层,39,东北向
2769,1室1厅,51.26,高层,20,东北向
2770,3室2厅,186.73,低层,16,南北向
2771,3室2厅,141.91,高层,17,南北向
2772,3室1厅,93.99,中层,33,南北向
2773,2室1厅,90.08,中层,11,南向
2774,1室1厅,49.62,高层,16,南向
2775,2室1厅,56.31,中层,7,南北向
2776,3室2厅,155.48,高层,6,南北向
2777,2室1厅,92.19,低层,6,南北向
2778,2室1厅,59.3,中层,6,南向
2779,1室1厅,49.12,高层,6,南向
2780,1室1厅,36.11,中层,8,东向
2781,2室2厅,88.59,低层,21,南北向
2782,2室1厅,87.43,低层,33,南向
2783,4室2厅,247.87,高层,27,南向
2784,1室1厅,53.5,中层,30,东向
2785,2室1厅,88.27,高层,6,东向
2786,3室2厅,143.68,高层,15,南北向
2787,1室1厅,76.0,高层,18,南向
2788,2室2厅,96.86,低层,6,南北向
2789,2室2厅,83.32,低层,6,南北向
2790,2室1厅,64.16,低层,7,西向
2791,1室1厅,35.18,高层,8,东向
2792,2室1厅,78.65,高层,8,东西向
2793,4室2厅,147.55,中层,16,南北向
2794,3室2厅,166.61,高层,6,南北向
2795,2室1厅,77.84,中层,17,南北向
2796,3室2厅,120.24,高层,18,西南向
2797,3室1厅,92.79,中层,6,南北向
2798,1室1厅,53.34,高层,30,东向
2799,3室1厅,105.26,中层,30,南向
2800,1室1厅,74.68,低层,18,南向
2801,3室2厅,115.59,中层,16,南北向
2802,2室2厅,114.37,高层,11,南北向
2803,3室1厅,131.72,中层,12,南向
2804,2室1厅,82.04,高层,6,南北向
2805,3室2厅,137.73,低层,6,南北向
2806,3室2厅,130.97,中层,11,南向
2807,3室2厅,122.43,低层,9,南北向
2808,2室1厅,122.86,中层,18,南北向
2809,1室1厅,73.11,高层,56,东向
2810,2室2厅,83.0,中层,26,南向
2811,2室1厅,92.21,高层,6,南北向
2812,2室1厅,107.35,低层,22,西北向
2813,3室2厅,149.06,中层,7,南北向
2814,3室2厅,157.69,低层,11,南北向
2815,1室1厅,37.54,中层,8,西向
2816,4室2厅,203.59,中层,15,南北向
2817,3室2厅,109.12,中层,32,南向
2818,3室2厅,163.17,高层,7,南北向
2819,3室1厅,150.21,中层,9,南向
2820,3室1厅,96.0,高层,27,南向
2821,2室1厅,52.2,中层,6,东向
2822,3室2厅,126.5,高层,22,南北向
2823,3室2厅,156.74,中层,25,南北向
2824,3室1厅,105.38,中层,4,南北向
2825,3室2厅,206.38,中层,15,南北向
2826,2室2厅,89.37,中层,10,南北向
2827,2室1厅,108.12,高层,28,南向
2828,2室1厅,103.6,高层,6,南北向
2829,3室1厅,106.96,低层,53,南向
2830,1室1厅,35.35,中层,7,南向
2831,3室2厅,141.31,高层,11,南北向
2832,2室2厅,129.18,高层,11,南北向
2833,2室2厅,119.93,高层,7,南向
2834,3室2厅,91.98,中层,6,南北向
2835,1室1厅,58.69,低层,30,南向
2836,3室2厅,147.62,高层,11,南北向
2837,2室1厅,59.29,中层,8,南北向
2838,5室2厅,122.22,低层,7,南向
2839,1室1厅,40.51,中层,7,南向
2840,1室1厅,34.87,高层,7,西向
2841,4室2厅,258.07,中层,31,东南向
2842,2室1厅,93.46,高层,33,南北向
2843,3室2厅,50.41,高层,24,东向
2844,3室2厅,138.71,低层,6,南北向
2845,3室2厅,99.04,低层,6,南北向
2846,2室1厅,58.24,中层,7,西向
2847,2室1厅,79.53,中层,5,南北向
2848,2室1厅,90.92,低层,6,南北向
2849,2室1厅,102.94,中层,13,南北向
2850,3室2厅,163.99,中层,14,南北向
2851,3室2厅,121.81,低层,6,南北向
2852,1室1厅,34.03,中层,6,北向
2853,2室1厅,51.8,高层,6,南向
2854,3室2厅,136.87,中层,18,南北向
2855,2室1厅,91.46,高层,28,南向
2856,2室2厅,93.83,低层,33,南向
2857,1室1厅,39.15,顶层,6,北向
2858,1室1厅,33.48,高层,7,西向
2859,3室1厅,93.99,中层,33,南北向
2860,3室2厅,120.68,中层,18,南北向
2861,2室2厅,90.67,低层,18,南向
2862,1室1厅,50.35,低层,22,南向
2863,3室2厅,185.1,高层,7,南北向
2864,2室2厅,103.94,低层,27,南北向
2865,2室2厅,67.41,中层,6,南北向
2866,1室1厅,50.95,低层,20,北向
2867,1室1厅,51.26,中层,20,北向
2868,1室1厅,58.52,高层,30,南向
2869,3室2厅,154.01,低层,30,南北向
2870,2室2厅,87.99,高层,30,南向
2871,3室2厅,128.06,高层,6,南北向
2872,1室1厅,36.91,高层,7,东向
2873,3室1厅,81.9,高层,6,南北向
2874,4室1厅,108.91,中层,33,南北向
2875,3室2厅,111.51,中层,7,南北向
2876,2室1厅,102.36,低层,24,南向
2877,2室2厅,82.24,中层,25,南向
2878,2室1厅,94.88,低层,6,南北向
2879,3室2厅,130.46,中层,5,南北向
2880,1室0厅,35.02,中层,6,西向
2881,1室1厅,40.61,中层,7,南向
2882,3室2厅,141.0,低层,7,南北向
2883,3室1厅,91.83,低层,28,南北向
2884,2室2厅,55.51,中层,7,西北向
2885,3室1厅,93.28,低层,6,北向
2886,2室2厅,120.3,顶层,7,南北向
2887,3室2厅,140.9,中层,5,南向
2888,2室1厅,39.6,高层,7,南北向
2889,2室1厅,91.55,低层,6,南北向
2890,3室2厅,146.78,中层,9,西北向
2891,2室2厅,90.41,高层,18,南北向
2892,3室1厅,122.75,顶层,6,南北向
2893,2室1厅,96.22,高层,30,南向
2894,3室1厅,102.83,中层,13,南北向
2895,3室2厅,166.12,中层,26,东南向
2896,2室1厅,73.13,中层,7,西北向
2897,2室1厅,80.29,中层,6,南北向
2898,3室2厅,168.62,高层,11,南北向
2899,3室2厅,108.02,高层,25,南向
2900,2室1厅,76.71,高层,6,南北向
2901,1室1厅,73.97,低层,32,南向
2902,2室1厅,60.02,顶层,6,东西向
2903,3室1厅,92.5,高层,6,南北向
2904,2室1厅,97.99,中层,6,南北向
2905,3室1厅,83.92,高层,6,南北向
2906,2室1厅,66.74,中层,4,南向
2907,3室2厅,142.79,中层,18,南北向
2908,2室2厅,94.03,高层,31,南北向
2909,2室1厅,105.12,低层,6,南北向
2910,3室2厅,124.53,高层,18,北向
2911,2室1厅,96.85,低层,6,南北向
2912,1室1厅,36.65,中层,7,东向
2913,2室1厅,79.81,高层,21,西南向
2914,3室2厅,151.15,高层,25,南向
2915,2室1厅,109.26,高层,7,南北向
2916,2室1厅,77.02,高层,34,南向
2917,2室2厅,99.94,中层,5,南北向
2918,3室1厅,82.03,低层,6,南北向
2919,4室2厅,255.79,高层,31,南北向
2920,4室1厅,235.34,低层,26,南北向
2921,2室2厅,88.44,低层,7,南北向
2922,1室1厅,37.04,中层,7,东向
2923,1室1厅,74.97,中层,30,南向
2924,3室1厅,124.01,高层,11,南北向
2925,2室1厅,76.55,高层,6,南北向
2926,1室1厅,33.17,中层,6,南向
2927,3室2厅,160.0,中层,15,南北向
2928,1室1厅,40.03,中层,8,东北向
2929,2室2厅,113.82,中层,7,南北向
2930,1室1厅,53.17,中层,7,南向
2931,2室1厅,89.12,中层,33,南向
2932,3室2厅,118.65,中层,13,南北向
2933,2室1厅,50.83,高层,8,西北向
2934,4室2厅,191.33,中层,27,南北向
2935,2室2厅,103.77,高层,6,南北向
2936,2室2厅,172.81,低层,32,南北向
2937,2室2厅,87.93,高层,26,南向
2938,2室2厅,122.57,低层,24,南北向
2939,2室2厅,88.75,中层,6,南北向
2940,2室1厅,102.23,高层,11,南北向
2941,2室1厅,83.13,中层,25,西北向
2942,3室1厅,105.11,中层,7,南北向
2943,3室1厅,116.26,高层,7,南北向
2944,1室2厅,74.96,低层,10,南北向
2945,2室1厅,85.73,高层,6,南北向
2946,2室1厅,96.5,低层,7,南北向
2947,2室1厅,113.83,低层,11,南北向
2948,1室1厅,74.68,低层,18,南北向
2949,2室1厅,86.07,低层,53,南向
2950,3室2厅,104.53,低层,18,南向
2951,4室2厅,377.64,高层,30,南北向
2952,2室2厅,87.5,高层,6,南北向
2953,3室2厅,111.33,中层,9,南北向
2954,2室2厅,103.61,中层,6,南北向
2955,2室1厅,59.14,中层,8,南北向
2956,2室1厅,91.94,中层,19,南北向
2957,1室1厅,62.95,高层,21,西向
2958,3室2厅,109.06,低层,11,南北向
2959,2室1厅,73.06,高层,6,南北向
2960,1室1厅,46.0,中层,7,东南向
2961,3室1厅,210.05,低层,26,西南向
2962,3室2厅,192.09,低层,6,南北向
2963,2室1厅,90.49,低层,18,南北向
2964,1室1厅,34.87,高层,7,西向
2965,3室2厅,104.64,高层,28,南北向
2966,3室2厅,140.0,中层,24,南北向
2967,1室1厅,58.09,低层,20,南向
2968,3室1厅,115.99,中层,5,南北向
2969,2室2厅,83.14,中层,28,南北向
2970,2室2厅,118.11,中层,9,南北向
2971,2室1厅,117.86,高层,13,南北向
2972,2室1厅,59.48,高层,7,南向
2973,3室2厅,144.3,中层,11,南北向
2974,2室1厅,108.11,高层,6,南北向
2975,3室2厅,185.1,高层,7,南北向
2976,2室1厅,100.36,低层,13,东西向
2977,1室1厅,49.07,中层,22,北向
2978,3室1厅,114.45,高层,8,南北向
2979,2室1厅,66.28,低层,6,南北向
2980,3室2厅,155.48,高层,6,南北向
2981,2室1厅,56.2,高层,6,南向
2982,4室2厅,203.75,高层,6,南北向
2983,3室2厅,192.67,中层,5,南北向
2984,2室1厅,85.3,高层,6,南北向
2985,3室2厅,96.0,低层,14,南向
2986,3室2厅,122.62,中层,30,南北向
2987,2室1厅,83.0,中层,7,南北向
2988,2室1厅,91.91,中层,7,南北向
2989,2室2厅,131.15,中层,6,南北向
2990,2室1厅,79.41,中层,24,西北向
2991,2室2厅,92.35,低层,27,南北向
2992,2室1厅,92.03,中层,31,南向
2993,2室1厅,61.49,低层,6,东北向
2994,3室2厅,175.94,高层,6,南北向
2995,2室1厅,86.55,高层,31,南向
2996,2室2厅,79.95,低层,29,南向
2997,3室2厅,174.21,高层,16,南北向
2998,3室2厅,89.43,高层,25,南北向
2999,2室1厅,58.89,中层,6,南北向
3000,3室2厅,166.38,低层,7,南北向
3001,2室1厅,88.96,中层,9,南北向
3002,2室1厅,91.74,高层,31,南向
3003,2室1厅,84.7,低层,6,南北向
3004,2室1厅,79.13,中层,33,南向
3005,2室2厅,90.83,中层,5,南北向
3006,3室1厅,96.49,高层,30,南向
3007,4室2厅,208.71,高层,28,南北向
3008,3室2厅,131.66,高层,15,南北向
3009,3室2厅,155.64,低层,15,南北向
3010,2室1厅,58.5,中层,4,南北向
3011,3室2厅,147.75,低层,30,南北向
3012,2室2厅,91.94,中层,6,南北向
3013,3室1厅,98.19,中层,7,南北向
3014,3室1厅,116.91,低层,11,西北向
3015,2室2厅,122.75,高层,6,南北向
3016,2室2厅,74.25,高层,6,西向
3017,1室1厅,34.93,中层,7,东向
3018,2室1厅,102.97,高层,7,南北向
3019,3室2厅,121.86,高层,16,南向
3020,2室1厅,53.25,低层,7,南北向
3021,3室2厅,151.41,中层,12,南北向
3022,3室1厅,138.42,中层,6,南北向
3023,4室2厅,259.81,高层,11,南北向
3024,2室2厅,109.9,高层,24,南向
3025,2室2厅,108.37,低层,9,南北向
3026,1室1厅,40.49,中层,6,东向
3027,3室2厅,144.0,低层,18,南北向
3028,2室2厅,87.63,高层,10,南北向
3029,1室1厅,38.64,高层,7,东向
3030,3室2厅,174.86,高层,18,南北向
3031,2室1厅,39.36,高层,7,南北向
3032,4室2厅,255.22,低层,31,南北向
3033,2室1厅,81.77,中层,27,南向
3034,2室1厅,96.73,中层,6,南北向
3035,2室1厅,75.85,高层,6,南北向
3036,2室1厅,68.21,中层,6,南北向
3037,2室1厅,79.86,低层,15,南北向
3038,3室1厅,132.81,中层,7,南向
3039,2室1厅,86.36,低层,33,南向
3040,3室2厅,152.63,中层,11,南北向
3041,2室1厅,58.01,高层,6,南北向
3042,3室2厅,122.08,中层,17,南北向
3043,1室1厅,40.34,高层,8,南向
3044,3室2厅,146.65,高层,53,南向
3045,1室1厅,57.68,高层,7,南向
3046,1室1厅,60.09,中层,21,南向
3047,2室1厅,91.87,中层,24,南向
3048,2室1厅,88.2,高层,30,南向
3049,3室2厅,84.85,中层,32,南北向
3050,2室1厅,85.5,中层,6,南北向
3051,2室1厅,90.93,中层,27,南北向
3052,2室1厅,77.84,高层,18,南北向
3053,2室1厅,69.74,高层,6,南北向
3054,4室2厅,191.71,中层,4,南北向
3055,3室1厅,83.18,高层,6,南北向
3056,4室2厅,236.62,中层,5,南北向
3057,2室1厅,56.21,低层,7,南北向
3058,2室1厅,95.03,中层,6,南向
3059,2室1厅,88.66,高层,6,南北向
3060,3室2厅,165.77,高层,18,南北向
3061,2室1厅,95.38,中层,11,南向
3062,3室2厅,130.32,中层,5,南北向
3063,2室1厅,52.36,中层,7,东西向
3064,1室1厅,55.11,高层,33,南向
3065,3室2厅,168.21,高层,15,南北向
3066,2室1厅,63.14,中层,6,南向
3067,3室1厅,156.26,低层,7,南北向
3068,2室2厅,107.45,中层,6,南北向
3069,3室2厅,104.45,低层,27,南北向
3070,2室1厅,109.9,低层,7,南北向
3071,3室1厅,122.22,中层,37,南向
3072,1室1厅,33.24,高层,5,南向
3073,2室1厅,39.32,中层,5,南北向
3074,2室1厅,95.92,高层,7,南北向
3075,3室2厅,137.73,低层,6,南北向
3076,3室1厅,73.7,低层,6,南北向
3077,2室1厅,61.78,低层,6,东南向
3078,2室1厅,108.97,中层,6,南北向
3079,2室1厅,104.3,低层,6,南北向
3080,4室2厅,160.42,中层,6,南北向
3081,3室2厅,122.0,高层,30,南向
3082,3室2厅,125.75,低层,6,南北向
3083,1室1厅,68.08,高层,9,南向
3084,2室1厅,63.11,中层,5,南北向
3085,2室2厅,81.45,高层,18,南向
3086,1室1厅,30.54,高层,7,南向
3087,3室2厅,117.62,高层,11,南北向
3088,2室1厅,98.26,低层,11,南北向
3089,3室2厅,140.0,高层,16,南北向
3090,4室2厅,191.33,中层,27,南北向
3091,3室1厅,117.73,中层,6,南北向
3092,3室2厅,133.83,中层,9,南北向
3093,3室2厅,154.88,低层,11,南北向
3094,3室1厅,89.56,低层,8,南北向
3095,1室1厅,35.17,高层,6,西向
3096,1室1厅,34.59,中层,7,西向
3097,4室2厅,176.46,中层,32,南北向
3098,1室1厅,51.38,中层,7,西向
3099,2室2厅,75.37,低层,7,南北向
3100,4室2厅,255.22,低层,31,南北向
3101,2室1厅,60.85,中层,5,南北向
3102,2室1厅,56.43,低层,8,东向
3103,2室1厅,80.49,顶层,6,南北向
3104,3室1厅,155.72,中层,8,南向
3105,3室2厅,139.66,高层,13,南北向
3106,1室0厅,15.45,中层,4,南向
3107,1室1厅,37.0,高层,7,南向
3108,2室2厅,95.68,中层,6,南北向
3109,3室2厅,149.3,中层,18,南北向
3110,3室2厅,108.91,高层,33,南北向
3111,3室2厅,142.83,中层,5,南北向
3112,2室1厅,43.71,高层,8,南北向
3113,2室1厅,101.88,中层,16,南北向
3114,2室1厅,79.71,高层,21,西北向
3115,3室2厅,147.61,中层,6,南北向
3116,2室1厅,99.32,低层,6,南北向
3117,3室1厅,107.79,中层,6,东南向
3118,2室1厅,78.65,高层,8,东西向
3119,2室1厅,86.18,中层,6,南北向
3120,3室2厅,166.56,高层,26,南向
3121,2室1厅,89.0,低层,28,南北向
3122,3室1厅,111.56,低层,6,南北向
3123,2室1厅,67.18,高层,6,南北向
3124,2室2厅,78.19,低层,18,南向
3125,2室2厅,101.95,高层,6,南北向
3126,1室1厅,81.85,高层,62,南向
3127,3室2厅,124.53,高层,11,南北向
3128,3室2厅,101.95,高层,6,南北向
3129,3室2厅,106.5,低层,18,南向
3130,3室2厅,158.82,中层,7,南北向
3131,3室1厅,88.07,高层,25,南向
3132,1室1厅,57.99,高层,30,北向
3133,2室1厅,74.15,低层,7,南北向
3134,2室1厅,48.69,中层,8,东向
3135,2室2厅,88.75,中层,6,南北向
3136,1室1厅,39.02,低层,6,南向
3137,2室1厅,91.94,中层,6,南北向
3138,2室1厅,106.51,中层,7,南北向
3139,3室2厅,98.01,高层,23,南北向
3140,3室2厅,137.94,低层,18,南北向
3141,2室2厅,90.16,低层,6,南北向
3142,2室1厅,66.12,中层,6,南向
3143,3室2厅,208.21,低层,27,南北向
3144,2室1厅,60.89,高层,6,南北向
3145,2室1厅,89.69,低层,6,南北向
3146,2室2厅,93.66,中层,11,南北向
3147,3室2厅,87.0,低层,9,南北向
3148,3室2厅,135.0,高层,12,南北向
3149,2室1厅,124.47,高层,15,东西向
3150,3室1厅,131.32,高层,22,南北向
3151,1室1厅,68.1,高层,18,东西向
3152,2室1厅,99.32,低层,6,南北向
3153,2室2厅,98.85,高层,33,南北向
3154,2室1厅,76.58,低层,16,南北向
3155,1室1厅,39.44,中层,6,南向
3156,4室2厅,228.8,高层,27,南北向
3157,1室0厅,22.0,中层,4,西北向
3158,3室2厅,95.01,中层,17,南北向
3159,2室1厅,80.36,中层,6,南北向
3160,2室2厅,85.0,中层,16,南向
3161,3室2厅,153.41,中层,6,南北向
3162,2室2厅,114.82,中层,6,南北向
3163,2室1厅,82.53,中层,11,南北向
3164,2室1厅,67.62,中层,28,西南向
3165,2室1厅,57.5,中层,5,南北向
3166,2室1厅,90.03,低层,7,西南向
3167,1室1厅,23.33,低层,8,南北向
3168,2室1厅,67.64,中层,7,南北向
3169,2室1厅,66.9,中层,26,西南向
3170,3室2厅,125.39,中层,16,东南向
3171,4室2厅,137.35,中层,33,北向
3172,2室2厅,120.46,高层,28,南北向
3173,3室2厅,154.15,中层,28,南向
3174,2室1厅,91.94,中层,19,南北向
3175,3室2厅,114.44,高层,16,南北向
3176,2室1厅,126.88,低层,9,南北向
3177,3室2厅,176.06,低层,28,南北向
3178,2室1厅,82.72,低层,11,北向
3179,2室2厅,92.82,高层,33,南向
3180,3室2厅,166.56,高层,26,南向
3181,2室1厅,61.98,低层,7,南北向
3182,2室1厅,59.07,高层,6,南北向
3183,1室1厅,37.68,中层,8,西向
3184,2室2厅,93.21,低层,18,南向
3185,2室1厅,102.41,中层,10,南北向
3186,3室2厅,152.44,中层,32,南北向
3187,3室1厅,143.29,高层,18,西南向
3188,1室1厅,28.01,高层,6,南向
3189,1室1厅,61.73,中层,7,南向
3190,4室2厅,255.22,低层,31,南北向
3191,2室1厅,110.13,高层,43,西南向
3192,3室2厅,175.51,低层,9,北向
3193,3室2厅,120.37,高层,11,南向
3194,3室2厅,173.92,中层,18,南北向
3195,2室1厅,59.9,中层,6,南北向
3196,2室1厅,107.62,低层,6,南北向
3197,2室2厅,111.89,中层,18,南北向
3198,2室1厅,109.15,中层,18,南北向
3199,2室1厅,95.19,中层,7,南北向
3200,2室1厅,73.76,低层,15,南向
3201,2室1厅,101.19,中层,6,南北向
3202,2室2厅,90.26,中层,25,南向
3203,2室2厅,115.79,低层,6,南北向
3204,2室1厅,103.23,中层,6,南北向
3205,3室2厅,125.4,低层,34,南北向
3206,2室1厅,55.97,高层,8,南北向
3207,2室1厅,82.97,高层,57,东向
3208,3室2厅,117.74,低层,6,南北向
3209,2室2厅,93.79,中层,7,西南向
3210,3室2厅,124.51,低层,6,南北向
3211,3室1厅,199.23,中层,7,南北向
3212,3室2厅,146.51,低层,6,南北向
3213,3室2厅,120.0,低层,15,南北向
3214,2室2厅,107.81,顶层,6,南北向
3215,3室1厅,90.44,高层,18,南北向
3216,3室2厅,89.57,中层,11,南北向
3217,2室1厅,75.1,中层,6,南北向
3218,3室1厅,74.84,中层,7,东南向
3219,2室1厅,58.02,高层,6,南北向
3220,1室1厅,47.85,低层,7,西向
3221,2室1厅,62.98,中层,6,东向
3222,3室1厅,114.91,中层,6,南北向
3223,2室1厅,80.75,高层,6,南北向
3224,1室1厅,34.87,高层,7,西向
3225,3室2厅,140.25,低层,7,南向
3226,2室1厅,75.29,低层,7,南北向
3227,2室1厅,29.86,低层,7,西向
3228,2室1厅,104.09,中层,6,南北向
3229,3室2厅,136.63,中层,6,南北向
3230,2室1厅,59.73,中层,6,西南向
3231,2室2厅,101.89,高层,25,南北向
3232,2室1厅,59.91,高层,7,南北向
3233,3室1厅,153.38,高层,6,南向
3234,1室1厅,34.59,中层,7,西向
3235,3室2厅,124.75,中层,33,东南向
3236,2室1厅,59.89,中层,6,南北向
3237,2室1厅,53.75,高层,6,南北向
3238,3室2厅,117.11,中层,11,南北向
3239,2室1厅,91.14,中层,7,南北向
3240,2室1厅,88.23,中层,26,南向
3241,1室1厅,40.3,高层,8,南向
3242,3室2厅,109.93,中层,7,南北向
3243,2室2厅,82.94,中层,22,南向
3244,3室2厅,221.64,高层,31,南北向
3245,3室2厅,146.73,高层,53,南向
3246,4室2厅,208.23,中层,15,南北向
3247,3室2厅,121.82,中层,6,南北向
3248,2室1厅,91.73,高层,5,南北向
3249,2室1厅,61.8,中层,7,东西向
3250,2室1厅,93.64,中层,7,西北向
3251,3室2厅,126.44,中层,9,南北向
3252,2室2厅,103.41,高层,6,南北向
3253,3室2厅,174.45,高层,27,南北向
3254,2室1厅,82.95,高层,6,南北向
3255,2室1厅,89.99,中层,5,南北向
3256,2室1厅,100.9,低层,7,南北向
3257,2室1厅,46.57,中层,6,南向
3258,3室2厅,163.26,顶层,6,南向
3259,2室1厅,100.85,中层,18,南向
3260,2室1厅,85.34,高层,7,南北向
3261,2室1厅,58.28,顶层,6,南北向
3262,2室1厅,52.59,高层,7,西向
3263,2室1厅,101.6,中层,30,南北向
3264,1室1厅,38.96,中层,7,南向
3265,2室1厅,106.88,中层,9,南北向
3266,1室1厅,75.64,中层,32,南向
3267,2室1厅,92.99,高层,33,南向
3268,3室2厅,126.24,低层,6,南北向
3269,2室1厅,104.51,中层,7,南向
3270,2室1厅,60.29,中层,5,南北向
3271,2室2厅,94.64,高层,6,南北向
3272,3室1厅,228.03,低层,18,南北向
3273,3室2厅,147.68,低层,6,南向
3274,1室1厅,41.44,高层,6,西向
3275,3室1厅,103.81,低层,6,南北向
3276,3室2厅,124.53,高层,18,北向
3277,3室1厅,107.72,中层,29,南北向
3278,1室1厅,54.06,高层,26,南向
3279,1室1厅,41.25,高层,9,东向
3280,3室2厅,151.0,中层,5,南向
3281,2室2厅,129.36,低层,56,西南向
3282,3室2厅,153.0,中层,4,南北向
3283,1室1厅,54.77,高层,30,西向
3284,3室2厅,157.48,中层,18,南北向
3285,3室2厅,131.87,低层,32,南北向
3286,4室2厅,277.19,中层,32,南向
3287,2室1厅,100.0,中层,6,南北向
3288,2室2厅,101.88,中层,16,南北向
3289,1室1厅,38.64,中层,8,东向
3290,1室1厅,36.85,低层,8,西南向
3291,3室2厅,89.0,中层,18,南北向
3292,2室2厅,82.25,高层,7,南北向
3293,3室2厅,133.37,高层,18,南向
3294,2室1厅,89.39,高层,18,西向
3295,1室1厅,57.68,高层,7,南向
3296,3室2厅,210.4,高层,10,南北向
3297,2室1厅,133.58,高层,27,南向
3298,3室2厅,123.69,高层,16,西北向
3299,2室2厅,83.05,高层,11,南北向
3300,2室2厅,91.63,中层,11,南北向
3301,1室1厅,34.84,高层,8,西南向
3302,2室1厅,59.46,中层,7,南北向
3303,2室1厅,84.7,低层,6,南北向
3304,1室1厅,36.07,中层,8,东南向
3305,2室2厅,93.1,中层,30,东南向
3306,2室2厅,122.06,低层,28,南北向
3307,3室2厅,177.72,中层,24,南北向
3308,3室1厅,100.69,中层,5,南北向
3309,4室3厅,242.09,高层,32,西南北向
3310,2室1厅,54.5,低层,7,南北向
3311,3室2厅,145.26,高层,12,南北向
3312,2室1厅,101.56,中层,6,南北向
3313,3室2厅,161.69,低层,11,南北向
3314,4室2厅,189.26,高层,7,南北向
3315,2室2厅,95.4,中层,11,南北向
3316,3室2厅,192.67,中层,5,南北向
3317,1室1厅,51.0,中层,24,东向
3318,2室1厅,59.46,高层,7,南北向
3319,2室1厅,113.5,低层,18,南北向
3320,1室1厅,38.97,中层,7,东向
3321,3室2厅,95.61,中层,9,南向
3322,1室1厅,46.14,低层,6,南向
3323,2室2厅,85.49,低层,53,东向
3324,3室2厅,102.65,中层,11,南北向
3325,3室2厅,158.0,低层,9,南北向
3326,2室1厅,57.46,中层,8,南北向
3327,1室1厅,51.81,高层,48,东向
3328,1室1厅,36.73,高层,6,东向
3329,2室1厅,54.1,高层,8,西向
3330,2室1厅,79.86,低层,15,南北向
3331,1室1厅,37.04,中层,7,东向
3332,2室1厅,97.46,中层,5,南北向
3333,1室1厅,51.74,低层,30,东向
3334,2室2厅,118.75,低层,18,南北向
3335,2室1厅,88.75,中层,6,南北向
3336,4室2厅,185.0,高层,30,南北向
3337,3室2厅,127.94,中层,17,南北向
3338,2室2厅,82.3,中层,32,南向
3339,3室2厅,91.86,高层,28,南向
3340,2室1厅,76.4,高层,6,南北向
3341,2室2厅,89.93,高层,25,南北向
3342,1室1厅,33.97,中层,7,东向
3343,1室1厅,48.35,高层,6,东西向
3344,1室0厅,33.58,高层,8,东向
3345,2室1厅,87.61,中层,17,南向
3346,2室1厅,113.83,高层,11,南向
3347,2室1厅,90.8,低层,6,南向
3348,3室3厅,140.54,高层,6,南北向
3349,1室1厅,38.48,中层,7,南向
3350,2室1厅,39.35,中层,6,东向
3351,3室2厅,180.75,高层,11,南北向
3352,1室1厅,45.98,低层,6,东向
3353,1室1厅,26.34,高层,6,南向
3354,2室1厅,79.04,中层,11,南向
3355,2室1厅,68.05,高层,7,东向
3356,4室2厅,166.82,高层,7,南北向
3357,2室2厅,94.51,中层,33,南向
3358,3室1厅,157.42,中层,10,南北向
3359,2室1厅,97.1,低层,34,南向
3360,3室2厅,133.45,高层,32,南北向
3361,1室1厅,36.24,低层,7,东向
3362,2室2厅,108.08,高层,6,南北向
3363,4室2厅,224.13,中层,31,南北向
3364,5室2厅,247.65,中层,17,南北向
3365,3室2厅,154.01,低层,30,南北向
3366,2室1厅,52.68,中层,5,南北向
3367,2室1厅,104.91,低层,6,南北向
3368,2室1厅,59.3,中层,6,南向
3369,3室2厅,137.12,高层,25,南北向
3370,2室1厅,57.13,高层,6,南向
3371,2室1厅,139.05,中层,15,南向
3372,3室1厅,156.39,高层,6,南北向
3373,2室1厅,59.37,中层,6,南北向
3374,2室2厅,92.08,低层,6,南向
3375,4室2厅,208.23,中层,15,南北向
3376,3室1厅,76.61,中层,6,南北向
3377,3室2厅,165.45,低层,11,北向
3378,4室2厅,199.0,中层,7,南北向
3379,3室2厅,169.35,高层,25,南北向
3380,2室1厅,91.03,高层,18,南向
3381,2室2厅,79.81,低层,17,南向
3382,2室1厅,91.94,中层,6,南北向
3383,2室1厅,97.37,中层,6,南北向
3384,1室1厅,50.09,低层,20,南向
3385,4室1厅,183.27,高层,18,南北向
3386,3室2厅,126.64,高层,24,南北向
3387,2室2厅,98.22,低层,17,南北向
3388,2室1厅,115.61,中层,26,南北向
3389,2室1厅,101.76,低层,7,南北向
3390,3室1厅,76.54,中层,6,南北向
3391,2室1厅,81.23,中层,6,南北向
3392,3室1厅,83.0,中层,6,南北向
3393,2室1厅,70.03,高层,7,南北向
3394,2室1厅,91.63,高层,11,南北向
3395,2室1厅,85.5,中层,6,南北向
3396,2室1厅,100.6,顶层,4,南北向
3397,2室1厅,80.46,中层,12,东向
3398,2室1厅,103.25,低层,7,南北向
3399,2室1厅,50.73,高层,8,东向
3400,3室2厅,181.0,高层,31,南北向
3401,2室1厅,64.3,高层,8,南北向
3402,2室1厅,84.88,中层,7,南北向
3403,2室1厅,91.79,中层,5,南北向
3404,3室1厅,123.88,高层,10,南北向
3405,2室2厅,102.34,低层,6,南北向
3406,2室1厅,73.36,高层,23,南向
3407,2室1厅,78.91,中层,6,南北向
3408,3室2厅,152.63,中层,11,南北向
3409,2室1厅,103.94,低层,15,南北向
3410,3室2厅,91.0,高层,16,南北向
3411,3室1厅,116.75,中层,11,南北向
3412,2室1厅,99.71,高层,25,南北向
3413,3室1厅,109.9,高层,29,南北向
3414,2室2厅,108.06,中层,15,南北向
3415,2室2厅,161.84,低层,18,东南向
3416,3室2厅,107.85,低层,6,南北向
3417,4室2厅,267.8,中层,27,南北向
3418,2室2厅,80.65,低层,28,南向
3419,2室2厅,85.29,高层,6,南向
3420,1室1厅,72.47,中层,26,南向
3421,1室1厅,42.09,中层,48,北向
3422,2室1厅,108.02,高层,33,南北向
3423,2室1厅,76.04,中层,6,南北向
3424,2室1厅,58.47,中层,6,南北向
3425,1室1厅,62.95,高层,21,东向
3426,3室1厅,205.09,高层,8,南北向
3427,3室2厅,134.28,低层,14,南北向
3428,2室1厅,91.04,高层,7,东西向
3429,3室2厅,139.93,中层,20,南北向
3430,3室2厅,136.64,中层,13,南北向
3431,3室1厅,133.76,低层,6,南北向
3432,3室1厅,118.88,中层,9,南北向
3433,2室2厅,85.53,高层,7,南北向
3434,2室2厅,133.13,高层,24,南北向
3435,3室2厅,107.29,中层,18,南北向
3436,3室1厅,242.59,中层,26,南北向
3437,3室2厅,136.89,中层,32,南北向
3438,2室1厅,68.1,低层,18,东向
3439,2室1厅,82.97,高层,57,东北向
3440,2室1厅,95.95,低层,28,南北向
3441,2室1厅,42.77,高层,8,南向
3442,2室1厅,87.14,中层,27,南向
3443,1室1厅,39.68,高层,7,南向
3444,3室2厅,87.96,低层,18,南北向
3445,1室1厅,43.96,低层,7,东向
3446,1室1厅,32.78,低层,6,西向
3447,3室2厅,126.91,低层,11,南向
3448,2室1厅,87.92,中层,27,南向
3449,3室1厅,83.92,高层,6,南北向
3450,4室2厅,228.73,低层,17,南北向
3451,1室1厅,35.31,高层,6,北向
3452,1室1厅,24.64,中层,7,南向
3453,2室1厅,86.08,低层,31,南北向
3454,1室1厅,32.67,中层,7,北向
3455,2室1厅,54.75,高层,7,南北向
3456,2室2厅,101.18,中层,6,南向
3457,2室1厅,92.85,高层,33,南北向
3458,2室1厅,66.22,中层,6,南北向
3459,3室2厅,159.66,低层,32,南北向
3460,2室2厅,109.19,中层,6,南北向
3461,1室1厅,34.98,中层,6,东向
3462,1室1厅,66.31,高层,6,南北向
3463,1室1厅,81.42,低层,32,东北向
3464,3室2厅,113.0,低层,16,南北向
3465,3室2厅,154.31,中层,30,南北向
3466,3室1厅,98.14,高层,16,南北向
3467,1室1厅,35.92,中层,8,南向
3468,1室1厅,42.22,中层,8,南向
3469,3室2厅,185.56,低层,30,南北向
3470,2室2厅,99.75,低层,6,南北向
3471,3室1厅,140.27,高层,11,南北向
3472,3室2厅,122.2,高层,7,南北向
3473,2室1厅,101.27,高层,9,南北向
3474,2室1厅,81.74,中层,8,东西向
3475,3室1厅,96.18,高层,24,西北向
3476,2室1厅,116.24,中层,25,东南向
3477,3室2厅,151.63,高层,12,南向
3478,3室2厅,159.65,低层,6,南北向
3479,3室2厅,138.55,高层,31,南北向
3480,2室1厅,76.71,高层,6,南北向
3481,2室1厅,56.84,低层,6,南北向
3482,2室1厅,83.95,高层,6,南向
3483,2室2厅,119.01,高层,11,南北向
3484,1室1厅,72.06,中层,27,南向
3485,2室1厅,70.16,高层,10,东南向
3486,1室1厅,54.87,中层,61,东北向
3487,5室2厅,212.37,中层,6,南北向
3488,1室1厅,62.95,低层,21,东向
3489,1室1厅,74.74,中层,30,东南向
3490,3室1厅,139.01,中层,33,南北向
3491,2室2厅,97.98,低层,56,南向
3492,1室1厅,37.54,中层,8,东南向
3493,3室2厅,131.48,低层,32,南北向
3494,2室1厅,89.73,高层,27,南北向
3495,2室1厅,103.57,中层,21,南向
3496,2室2厅,99.74,中层,22,南向
3497,2室1厅,92.3,低层,33,南北向
3498,2室1厅,56.74,高层,7,西向
3499,3室1厅,75.41,低层,6,南向
3500,2室1厅,69.19,高层,7,南向
3501,2室1厅,78.33,中层,6,南北向
3502,2室2厅,109.44,中层,6,北向
3503,3室2厅,97.0,中层,26,南北向
3504,2室2厅,109.34,高层,9,南北向
3505,2室2厅,93.41,中层,5,南北向
3506,1室1厅,39.56,中层,8,南向
3507,1室1厅,52.81,中层,7,南北向
3508,3室1厅,93.26,低层,27,南北向
3509,4室2厅,161.01,低层,6,南北向
3510,2室2厅,91.03,中层,7,南北向
3511,3室2厅,149.15,中层,28,北向
3512,3室2厅,127.0,低层,15,南北向
3513,1室1厅,37.32,中层,8,北向
3514,2室1厅,55.0,中层,5,南向
3515,3室2厅,107.31,高层,23,南向
3516,1室1厅,47.1,中层,7,南向
3517,2室2厅,95.68,中层,6,南北向
3518,2室1厅,78.93,中层,15,南向
3519,1室1厅,57.8,低层,40,北向
3520,3室1厅,91.77,中层,18,南向
3521,2室2厅,89.47,低层,32,南北向
3522,2室2厅,94.5,中层,6,南北向
3523,1室1厅,65.46,低层,15,南向
3524,3室2厅,136.2,高层,7,南北向
3525,2室1厅,123.86,低层,6,南北向
3526,3室2厅,102.38,中层,26,南向
3527,1室1厅,33.03,中层,8,东向
3528,3室1厅,131.28,中层,15,南北向
3529,3室1厅,121.46,中层,7,南北向
3530,2室1厅,91.09,高层,27,南向
3531,2室2厅,105.21,中层,7,南北向
3532,3室1厅,103.85,高层,6,南北向
3533,2室1厅,115.54,中层,28,南北向
3534,2室1厅,55.67,低层,6,南向
3535,2室1厅,92.21,高层,7,南北向
3536,2室2厅,105.32,中层,10,南北向
3537,3室2厅,143.76,高层,9,南北向
3538,3室2厅,98.47,高层,6,南北向
3539,3室2厅,137.26,低层,33,南北向
3540,2室1厅,68.81,高层,6,南北向
3541,2室2厅,78.44,高层,6,南北向
3542,2室2厅,83.01,低层,24,南向
3543,1室1厅,40.3,高层,7,南向
3544,5室2厅,250.97,高层,12,南北向
3545,2室1厅,58.78,高层,6,东向
3546,1室1厅,31.76,中层,6,西南向
3547,2室2厅,97.11,高层,34,东南向
3548,1室1厅,47.4,高层,7,北向
3549,3室2厅,124.8,高层,6,南北向
3550,1室1厅,42.98,低层,8,西南向
3551,2室1厅,54.1,中层,8,东向
3552,3室2厅,141.75,中层,24,南北向
3553,2室1厅,60.93,高层,6,南北向
3554,2室1厅,52.35,低层,6,南向
3555,2室1厅,106.59,低层,13,东西向
3556,2室1厅,98.2,高层,17,南北向
3557,2室2厅,107.84,中层,17,南北向
3558,3室2厅,141.93,低层,10,南北向
3559,1室1厅,81.9,高层,11,西北向
3560,1室1厅,37.73,高层,7,南向
3561,3室2厅,174.0,高层,4,南北向
3562,2室1厅,89.72,高层,7,南北向
3563,3室2厅,142.75,中层,26,南北向
3564,1室0厅,24.03,中层,6,南向
3565,2室1厅,120.02,中层,11,南北向
3566,3室2厅,169.94,高层,26,南北向
3567,2室1厅,63.14,高层,6,东西向
3568,2室2厅,119.84,中层,13,南北向
3569,2室1厅,51.49,低层,7,西南向
3570,3室1厅,135.23,中层,7,南北向
3571,3室2厅,144.99,中层,9,南北向
3572,3室2厅,89.03,中层,8,南北向
3573,1室1厅,49.2,低层,10,南向
3574,2室2厅,76.4,顶层,6,南北向
3575,3室2厅,130.03,中层,6,南北向
3576,3室2厅,134.83,低层,9,南北向
3577,2室2厅,116.7,中层,7,南北向
3578,3室1厅,154.43,中层,10,南北向
3579,1室1厅,38.26,中层,7,西向
3580,4室2厅,145.0,高层,6,南向
3581,2室1厅,59.21,高层,6,南北向
3582,2室1厅,57.84,中层,6,南北向
3583,2室1厅,87.11,中层,26,南向
3584,2室1厅,104.86,高层,6,南北向
3585,3室2厅,150.77,低层,26,南北向
3586,2室2厅,108.08,高层,6,南北向
3587,3室2厅,144.4,高层,7,南北向
3588,2室1厅,40.32,低层,8,南向
3589,3室2厅,136.61,低层,10,南北向
3590,2室1厅,83.88,中层,48,东南向
3591,2室1厅,83.65,高层,12,南北向
3592,3室1厅,78.04,低层,7,南向
3593,2室1厅,104.59,高层,30,南向
3594,2室1厅,65.22,中层,5,南北向
3595,1室1厅,58.09,高层,20,南向
3596,5室2厅,247.65,中层,17,南北向
3597,2室1厅,56.14,中层,6,东南向
3598,3室2厅,191.99,中层,25,南北向
3599,2室1厅,108.12,高层,28,南向
3600,3室1厅,110.22,低层,18,南北向
3601,3室2厅,262.86,低层,27,南北向
3602,3室1厅,75.41,低层,6,南向
3603,2室1厅,58.14,高层,5,南向
3604,3室1厅,144.42,低层,13,南北向
3605,2室2厅,89.12,高层,26,南向
3606,3室1厅,82.1,中层,5,南北向
3607,1室1厅,35.53,低层,6,南向
3608,3室2厅,144.79,高层,8,南北向
3609,3室2厅,170.62,低层,6,南北向
3610,1室1厅,62.61,低层,6,南向
3611,2室1厅,89.35,高层,19,南向
3612,2室1厅,40.75,低层,7,西向
3613,2室0厅,27.09,高层,5,南北向
3614,2室1厅,41.8,中层,8,东向
3615,1室1厅,44.61,中层,6,南向
3616,2室1厅,89.98,中层,6,南北向
3617,2室1厅,93.69,高层,33,南北向
3618,3室2厅,152.0,高层,32,东南向
3619,2室2厅,87.0,中层,6,东西向
3620,3室2厅,148.02,中层,28,南北向
3621,2室1厅,62.32,高层,7,东西向
3622,2室2厅,107.44,低层,11,南北向
3623,2室2厅,108.1,中层,8,南北向
3624,2室1厅,98.76,中层,26,南北向
3625,1室1厅,39.56,中层,8,南向
3626,3室2厅,166.38,低层,7,南北向
3627,3室1厅,135.56,中层,5,南北向
3628,3室2厅,191.52,高层,15,南北向
3629,2室2厅,90.41,高层,18,南北向
3630,1室1厅,34.22,中层,7,南向
3631,2室1厅,88.72,高层,18,南向
3632,3室1厅,127.68,中层,10,南北向
3633,2室1厅,106.4,低层,8,南北向
3634,2室1厅,106.68,中层,5,南北向
3635,4室2厅,189.89,低层,26,南北向
3636,2室1厅,54.36,高层,7,东北向
3637,2室2厅,120.46,高层,28,南北向
3638,4室2厅,191.33,中层,21,南北向
3639,2室1厅,58.82,中层,6,南北向
3640,3室1厅,91.88,中层,6,南北向
3641,2室1厅,88.06,顶层,6,南北向
3642,2室2厅,100.85,中层,18,南向
3643,2室2厅,112.69,低层,11,南北向
3644,2室1厅,62.61,高层,6,南北向
3645,2室1厅,75.53,中层,6,南北向
3646,2室1厅,65.65,高层,6,南向
3647,3室2厅,141.0,低层,7,南北向
3648,2室1厅,105.46,低层,6,南北向
3649,3室2厅,162.8,低层,6,南北向
3650,3室2厅,99.0,高层,9,南北向
3651,2室2厅,120.17,中层,7,南北向
3652,1室1厅,49.11,中层,11,东向
3653,2室1厅,78.85,低层,26,南北向
3654,2室2厅,95.32,中层,24,南向
3655,2室2厅,114.9,中层,11,南北向
3656,3室1厅,217.51,中层,16,南北向
3657,2室1厅,94.24,高层,6,南北向
3658,3室2厅,88.0,中层,8,南北向
3659,3室1厅,142.97,中层,22,西南向
3660,2室1厅,77.39,中层,7,南向
3661,2室1厅,53.27,高层,8,东西向
3662,2室1厅,77.72,低层,6,南北向
3663,2室2厅,112.44,高层,10,南北向
3664,3室2厅,131.72,中层,12,南北向
3665,3室2厅,118.56,中层,13,南北向
3666,3室2厅,165.63,中层,11,南北向
3667,3室2厅,139.07,低层,14,南北向
3668,1室1厅,40.93,中层,7,南向
3669,1室1厅,65.78,低层,28,南向
3670,2室1厅,91.36,高层,32,南向
3671,1室1厅,72.91,高层,28,南向
3672,3室1厅,92.41,高层,24,南向
3673,2室1厅,87.58,高层,32,南向
3674,1室1厅,39.56,中层,8,南向
3675,2室1厅,59.15,中层,5,南北向
3676,2室1厅,117.86,中层,15,东西向
3677,4室2厅,144.92,高层,4,南北向
3678,3室2厅,119.33,高层,8,南北向
3679,3室1厅,122.57,低层,7,南北向
3680,2室2厅,96.29,中层,4,南北向
3681,4室2厅,169.74,低层,15,南北向
3682,3室2厅,126.61,中层,5,南北向
3683,1室1厅,38.19,高层,7,南向
3684,2室1厅,67.05,中层,6,南北向
3685,2室1厅,78.76,中层,18,南北向
3686,3室1厅,121.32,低层,6,南北向
3687,2室1厅,88.55,中层,32,南北向
3688,2室2厅,93.41,中层,5,南北向
3689,2室1厅,61.02,中层,6,南北向
3690,3室2厅,150.16,低层,7,南北向
3691,1室1厅,51.54,高层,32,东北向
3692,3室1厅,124.34,低层,22,南向
3693,2室1厅,56.37,中层,4,南北向
3694,2室2厅,185.64,高层,7,东西向
3695,2室1厅,39.0,顶层,6,南北向
3696,1室1厅,49.2,高层,10,南向
3697,2室1厅,91.38,低层,30,南向
3698,2室2厅,118.4,低层,9,南北向
3699,4室2厅,201.28,中层,5,南北向
3700,3室2厅,118.92,低层,8,南北向
3701,3室1厅,83.2,中层,6,南向
3702,3室2厅,98.3,高层,6,南北向
3703,2室1厅,101.03,中层,16,南北向
3704,3室2厅,122.62,中层,30,南北向
3705,3室1厅,120.78,中层,16,南北向
3706,3室2厅,183.87,低层,30,南向
3707,2室2厅,96.29,低层,24,南向
3708,1室1厅,35.24,中层,6,南向
3709,4室2厅,183.87,高层,30,西南向
3710,2室1厅,70.61,低层,10,南北向
3711,3室2厅,130.32,中层,5,南北向
3712,1室1厅,45.02,中层,6,西向
3713,2室1厅,42.68,中层,6,南北向
3714,1室1厅,55.69,低层,18,南向
3715,2室1厅,85.48,低层,53,北向
3716,3室1厅,111.56,低层,9,南北向
3717,3室2厅,125.31,中层,23,南向
3718,1室1厅,38.71,高层,6,西向
3719,3室2厅,138.3,高层,14,南北向
3720,2室1厅,61.52,高层,6,西北向
3721,2室1厅,59.52,低层,6,南北向
3722,3室2厅,123.21,中层,18,南北向
3723,3室2厅,101.79,低层,27,南北向
3724,2室1厅,56.67,中层,8,东西向
3725,1室1厅,42.13,中层,7,南向
3726,3室2厅,101.44,中层,31,南北向
3727,2室2厅,88.58,低层,26,南北向
3728,2室2厅,103.38,中层,7,南北向
3729,1室1厅,74.68,低层,18,南向
3730,3室2厅,162.69,低层,26,南北向
3731,4室2厅,118.19,高层,33,南北向
3732,2室1厅,64.51,中层,6,东向
3733,2室2厅,81.0,低层,18,南向
3734,2室2厅,116.18,低层,12,南北向
3735,1室1厅,21.78,中层,6,南向
3736,3室2厅,114.21,低层,11,南北向
3737,4室2厅,183.29,中层,18,西北向
3738,3室2厅,100.71,高层,9,南北向
3739,3室2厅,119.65,高层,26,南北向
3740,3室2厅,120.42,中层,11,南向
3741,1室1厅,32.77,低层,6,南向
3742,2室1厅,67.3,高层,22,东南向
3743,3室2厅,118.63,中层,8,南北向
3744,2室2厅,109.72,低层,9,西北向
3745,1室1厅,67.29,低层,6,南北向
3746,3室2厅,98.0,中层,18,南北向
3747,3室2厅,97.52,中层,18,南北向
3748,1室1厅,50.28,高层,6,南向
3749,2室1厅,52.46,中层,7,南北向
3750,2室1厅,88.66,中层,31,南北向
3751,1室1厅,82.84,低层,25,南向
3752,2室2厅,95.1,低层,18,南北向
3753,2室1厅,57.13,高层,6,南向
3754,2室1厅,80.96,低层,18,南向
3755,2室1厅,102.97,高层,7,南北向
3756,3室2厅,136.4,中层,6,南北向
3757,2室1厅,70.14,中层,7,南北向
3758,1室1厅,31.52,高层,7,南向
3759,3室1厅,95.87,低层,23,南向
3760,2室1厅,54.99,高层,6,南北向
3761,3室2厅,108.98,中层,5,南北向
3762,3室2厅,128.99,高层,8,南北向
3763,3室1厅,124.47,低层,15,东西向
3764,2室2厅,98.24,中层,56,西南向
3765,2室1厅,99.16,高层,32,南北向
3766,1室0厅,52.06,高层,48,东向
3767,2室1厅,86.91,中层,32,西南向
3768,2室1厅,65.29,中层,6,南北向
3769,5室2厅,290.19,中层,33,南北向
3770,3室2厅,134.1,中层,5,南北向
3771,2室1厅,91.32,低层,9,南北向
3772,2室1厅,85.02,高层,6,西北向
3773,4室2厅,160.0,顶层,6,南向
3774,3室1厅,88.47,中层,4,南北向
3775,2室1厅,70.14,中层,7,南北向
3776,2室1厅,64.72,低层,32,东北向
3777,3室1厅,109.53,中层,6,南北向
3778,3室2厅,129.41,中层,6,南北向
3779,2室1厅,87.51,中层,7,南北向
3780,4室2厅,191.71,中层,4,南北向
3781,3室2厅,112.93,低层,7,南北向
3782,3室2厅,175.47,中层,5,南北向
3783,2室1厅,77.72,高层,6,南北向
3784,3室2厅,147.75,低层,30,南北向
3785,3室2厅,150.29,低层,29,南北向
3786,3室2厅,92.64,低层,18,南向
3787,2室1厅,71.9,低层,7,南北向
3788,2室1厅,72.46,低层,6,南北向
3789,2室1厅,121.69,中层,6,南北向
3790,3室2厅,104.17,中层,16,南北向
3791,2室2厅,86.54,低层,11,南向
3792,1室1厅,67.92,高层,27,东南向
3793,2室1厅,88.74,低层,6,南北向
3794,2室2厅,97.61,中层,6,南北向
3795,2室2厅,103.34,高层,28,南向
3796,3室2厅,122.0,中层,30,南北向
3797,1室1厅,62.95,低层,21,东向
3798,1室1厅,52.08,高层,48,东向
3799,3室2厅,133.97,高层,6,南北向
3800,3室2厅,137.44,中层,32,南北向
3801,2室1厅,94.33,中层,5,南向
3802,2室1厅,88.44,中层,7,南北向
3803,3室1厅,141.54,中层,26,南北向
3804,3室1厅,95.46,高层,7,南北向
3805,2室1厅,92.72,低层,33,南北向
3806,1室1厅,43.37,高层,6,东向
3807,2室2厅,94.64,低层,24,东南向
3808,2室1厅,124.29,高层,25,南北向
3809,3室1厅,73.7,低层,6,南北向
3810,2室1厅,89.85,低层,33,南向
3811,2室1厅,138.31,高层,18,南向
3812,1室1厅,56.26,中层,48,西向
3813,3室2厅,128.0,高层,10,南北向
3814,1室1厅,60.02,高层,6,东西向
3815,2室2厅,94.35,中层,6,南北向
3816,2室1厅,82.35,高层,6,南北向
3817,1室1厅,53.23,低层,6,南向
3818,2室2厅,79.95,低层,29,南向
3819,3室2厅,127.59,高层,6,南北向
3820,1室1厅,76.76,高层,18,南向
3821,3室2厅,124.8,中层,6,南北向
3822,1室1厅,50.95,低层,20,北向
3823,3室2厅,136.87,高层,18,南北向
3824,1室1厅,39.35,低层,7,南向
3825,2室1厅,61.76,高层,7,南北向
3826,1室1厅,54.88,中层,6,南北向
3827,3室1厅,98.19,中层,7,南北向
3828,1室1厅,42.81,高层,6,南向
3829,2室1厅,70.31,低层,6,南向
3830,2室1厅,79.71,中层,21,东向
3831,2室1厅,55.31,低层,7,东西向
3832,3室2厅,109.74,高层,6,南北向
3833,3室2厅,204.15,中层,7,南北向
3834,1室1厅,68.96,高层,14,南北向
3835,2室1厅,74.23,高层,30,西向
3836,2室2厅,116.03,高层,33,南北向
3837,3室1厅,139.97,高层,18,南向
3838,2室2厅,117.33,低层,18,东南向
3839,4室2厅,191.71,中层,4,南北向
3840,2室1厅,61.74,低层,7,南向
3841,2室1厅,109.22,低层,24,南向
3842,1室1厅,33.63,高层,8,西向
3843,2室1厅,60.92,中层,6,南北向
3844,3室1厅,82.85,中层,7,南北向
3845,2室1厅,78.08,中层,17,南北向
3846,3室1厅,74.26,低层,6,南北向
3847,3室2厅,140.0,高层,16,南北向
3848,3室2厅,127.59,中层,6,南北向
3849,3室2厅,106.25,中层,7,南北向
3850,2室1厅,86.92,高层,30,东南向
3851,3室2厅,116.75,中层,11,南北向
3852,3室2厅,106.14,高层,28,南向
3853,4室2厅,162.2,高层,26,南北向
3854,1室1厅,53.22,高层,21,东向
3855,1室1厅,21.29,中层,7,东向
3856,2室2厅,92.73,中层,7,南北向
3857,2室1厅,101.9,高层,6,南北向
3858,2室1厅,80.84,低层,16,南北向
3859,2室2厅,99.0,高层,15,南北向
3860,2室1厅,59.15,中层,5,南北向
3861,2室1厅,90.46,低层,22,东南向
3862,3室1厅,114.54,低层,9,南北向
3863,3室2厅,126.24,高层,6,南北向
3864,3室2厅,146.01,中层,28,南北向
3865,2室1厅,66.55,中层,6,南北向
3866,1室1厅,58.52,中层,30,南向
3867,2室2厅,109.34,高层,9,南北向
3868,2室1厅,54.1,中层,8,西向
3869,2室1厅,83.86,高层,6,东西向
3870,2室1厅,92.46,低层,18,南北向
3871,1室1厅,42.79,高层,7,南向
3872,2室1厅,89.16,中层,33,西南向
3873,3室1厅,78.04,低层,7,南向
3874,3室2厅,130.57,顶层,25,南向
3875,3室1厅,123.12,高层,25,东南向
3876,1室1厅,36.78,高层,7,东向
3877,4室3厅,210.34,高层,14,南北向
3878,3室2厅,168.33,中层,27,南北向
3879,5室1厅,106.86,高层,7,南北向
3880,2室2厅,109.79,中层,7,南北向
3881,3室2厅,123.45,高层,11,南北向
3882,3室1厅,141.86,低层,12,南北向
3883,4室2厅,320.88,高层,30,南向
3884,2室1厅,83.96,低层,30,西北向
3885,2室1厅,54.69,中层,5,南北向
3886,2室1厅,56.06,高层,6,南北向
3887,2室1厅,94.02,低层,6,南北向
3888,2室1厅,78.91,低层,17,南北向
3889,2室1厅,83.0,高层,57,东向
3890,3室2厅,137.12,高层,25,南北向
3891,3室2厅,170.52,低层,21,南北向
3892,3室2厅,158.94,中层,7,南北向
3893,2室2厅,87.63,高层,10,南北向
3894,2室1厅,42.0,顶层,6,南向
3895,3室2厅,155.95,中层,27,南北向
3896,2室2厅,96.89,中层,6,南北向
3897,3室2厅,140.19,中层,24,东向
3898,2室1厅,115.24,低层,9,南北向
3899,1室1厅,37.92,中层,6,南向
3900,2室1厅,75.18,低层,30,南向
3901,2室1厅,65.08,中层,16,南向
3902,2室1厅,107.94,低层,10,南北向
3903,2室1厅,58.96,中层,6,南北向
3904,2室1厅,62.32,高层,7,东西向
3905,2室1厅,61.73,高层,6,南北向
3906,4室2厅,169.52,高层,33,南北向
3907,2室1厅,110.02,中层,6,南北向
3908,2室1厅,113.14,低层,11,南北向
3909,2室1厅,67.28,中层,7,南北向
3910,1室1厅,69.89,高层,7,南北向
3911,1室1厅,34.58,中层,8,西向
3912,2室1厅,61.72,低层,8,北向
3913,2室1厅,102.78,低层,18,南北向
3914,3室2厅,147.62,高层,11,南北向
3915,2室1厅,87.89,中层,14,南北向
3916,1室1厅,51.68,中层,18,西向
3917,3室2厅,75.58,中层,5,南北向
3918,2室1厅,61.98,中层,7,南北向
3919,2室2厅,122.06,中层,28,南北向
3920,1室1厅,37.18,高层,7,东向
